date,AAPL,ABBV,AMT,AMZN,AXP,BAC,CAT,CRM,CVX,DUK,GE,GOOGL,GS,HD,JNJ,JPM,KO,LLY,MCD,MS,MSFT,NEE,NVDA,PEP,PFE,PG,PLD,UNH,XOM
2019-01-02,0.0,0.0,0.0,0.0,0.0,0.0,0.0,0.0,0.0,0.0,0.0,-0.970177412033081,0.0,0.0,0.5070622563362122,0.0,-0.9483367800712585,0.940477192401886,0.0,0.0,0.0,0.0,-0.6468687057495117,0.0,0.940477192401886,0.0,0.0,0.0,0.0
2019-01-03,0.0,0.11984977126121521,0.0,0.0,-0.6434651017189026,0.0,-0.9700694680213928,0.0,0.0,0.0,0.0,0.2938680450121562,0.0,0.0,0.5748575131098429,0.0,0.0,0.0,0.0,0.0,0.0,0.0,-0.9725459814071655,0.0,0.6542450189590454,0.0,0.0,0.0,0.0
2019-01-04,0.0,0.0,0.0,0.0,0.0,0.0,0.0,0.0,0.0,0.0,0.0,0.21461476385593414,0.0,0.0,0.8145493268966675,0.0,0.0,0.0,0.0,0.0,0.0,0.0,0.0,0.0,0.0,0.0,0.0,0.0,0.0
2019-01-06,0.0,0.0,0.0,0.0,0.0,0.0,0.0,0.0,0.0,0.0,0.0,0.0,0.0,0.0,0.0,0.0,0.0,0.0,0.0,0.0,0.0,0.0,0.0,0.0,0.0,0.0,0.0,0.0,0.0
2019-01-07,0.0,0.0,0.0,0.0,0.0,0.0,0.0,0.6098895072937012,0.0,0.0,0.0,0.11817172169685364,0.0,0.0,0.0,0.0,0.0,0.30122508108615875,0.0,-0.2918138305346171,0.0,0.0,0.31653263171513873,0.0,0.5562544862429301,0.0,0.0,0.0,0.0
2019-01-08,0.0,0.0,0.0,0.0,-0.942264974117279,-0.4875709116458893,0.0,0.0,0.0,-0.9751418232917786,0.0,0.0,0.0,0.9452192187309265,0.0,0.0,-0.8992002606391907,0.0,0.0,0.0,0.0,0.0,-0.5929970741271973,0.0,-0.9751418232917786,-0.32504727443059284,0.0,0.0,0.0
2019-01-09,0.0,0.9429665803909302,0.0,0.0,0.46762338280677795,-0.20805243651072183,0.0,0.0,0.0,0.0,0.0,0.46762338280677795,0.0,0.0,0.0,0.0,0.0,0.0,0.0,0.0,0.0,0.0,0.0,0.0,-0.7864963412284851,0.0,0.0,0.0,0.0
2019-01-10,0.0,0.0,0.0,0.0,0.9423215985298157,0.0,0.0,0.0,0.0,0.0,0.0,-0.7067727744579315,0.0,0.0,0.0,0.0,0.0,0.0,0.0,0.47116079926490784,0.0,0.0,-0.4545866847038269,0.0,0.0,0.0,0.0,0.0,0.0
2019-01-11,0.0,0.0,0.0,0.0,0.0,0.0,0.0,0.0,0.0,0.0,0.0,0.0,0.0,0.0,0.46410059928894043,0.0,0.0,0.0,0.4616004526615143,0.2857561906178792,0.0,0.0,0.0,0.0,0.0,-0.06575962901115417,0.0,0.0,0.0
2019-01-12,0.0,0.0,0.0,0.0,0.0,0.0,0.0,0.0,0.0,0.0,0.0,0.0,0.0,0.0,0.0,0.0,0.0,0.0,0.0,0.0,0.0,0.0,0.0,0.0,0.0,0.0,0.0,0.0,0.0
2019-01-13,0.0,0.0,0.0,0.0,0.0,0.0,0.0,0.0,0.0,0.0,0.0,0.0,0.0,0.0,0.0,0.0,0.0,0.0,0.0,0.0,0.0,0.0,0.0,0.0,0.0,0.0,0.0,0.0,0.0
2019-01-14,0.0,0.0,0.0,0.0,0.0,0.01647225022315979,0.0,0.0,0.0,0.0,0.0,-0.5439340670903524,0.0,0.0,-0.2678362727165222,0.0,0.0,0.0,0.0,-0.9175295233726501,0.0,0.0,0.0,0.0,0.4027796983718872,0.0,0.0,0.0,0.0
2019-01-15,0.0,0.0,0.0,0.0,0.0,-0.18632606665293375,0.0,0.0,0.0,-0.4688210189342499,0.0,0.0,0.0,0.0,0.32689863443374634,0.0,0.0,0.0,-0.8525980909665426,-0.7483101189136505,0.0,-0.9376420378684998,0.0,0.0,0.0,0.0,0.0,0.0,0.0
2019-01-16,0.0,0.0,0.0,0.0,0.0,0.17151861588160197,0.0,-0.46273770928382874,0.0,0.0,0.0,0.0,0.0,-0.635646402835846,0.8379424512386322,0.0,0.0,0.0,0.0,0.47150036692619324,0.0,0.0,-0.9254754185676575,0.0,0.6500241160392761,0.0,0.0,0.0,0.0
2019-01-17,0.0,0.0,0.0,0.0,-0.123256516456604,-0.3126290440559387,-0.9378871321678162,-0.311370849609375,0.0,0.0,0.0,-0.4368312358856201,0.0,0.0,0.3102576931317647,0.0,0.0,0.9272640943527222,0.0,-0.31515840547425406,0.0,0.0,0.9066210985183716,0.0,0.0,0.0,0.0,0.0,0.0
2019-01-18,0.0,-0.7579729557037354,0.0,0.0,-0.1562771995862325,0.0,0.9419700503349304,0.0,0.0,0.0,0.0,0.0,0.0,0.9419700503349304,0.0,0.0,0.0,-0.1581744909286499,0.0,0.4709850251674652,0.0,0.0,0.9527712464332581,0.0,0.0,0.0,0.0,0.0,0.0
2019-01-21,0.0,0.0,0.0,0.0,0.0,0.0,0.0,0.0,0.0,0.0,0.0,0.0,0.0,0.0,0.0,0.0,0.0,0.0,0.0,0.5057008266448975,0.0,0.0,0.0,0.0,0.0,0.0,0.0,0.0,0.0
2019-01-22,0.0,0.0,0.9071013927459717,0.0,0.0,0.0,-0.4847164750099182,0.0,0.0,0.0,0.0,0.0,0.0,0.0,-0.462119701008002,0.0,0.0,0.0,0.0,0.0,0.0,0.0,-0.9720799922943115,0.0,0.0,-0.3221423427263896,0.0,0.0,0.0
2019-01-23,0.0,0.0,0.0,0.0,0.0,0.0,0.0,0.0,0.0,0.0,0.0,0.911821186542511,0.0,0.0,0.30858008066813153,0.0,0.0,0.0,0.0,0.0,0.0,0.0,-0.4836135506629944,0.0,-0.7657338380813599,0.1079461932182312,0.0,0.0,0.6623927354812622
2019-01-24,0.0,0.0,0.0,0.0,0.0,0.0,0.0,0.0,0.0,0.0,0.0,-0.9197533329327902,0.0,0.0,0.0,0.0,0.0,0.0,0.0,0.0,0.0,0.0,-0.3381659030914307,0.0,0.0,-0.0018909507327609593,0.0,0.0,0.0
2019-01-25,0.0,0.02325470106942313,0.0,0.0,0.0,0.0,0.8551479578018188,0.0,0.0,0.0,0.0,0.0,0.0,0.0,0.0,0.0,0.0,0.0,0.4275739789009094,0.8682081699371338,0.0,0.0,-0.03605842590332031,0.0,0.0,0.0,0.0,0.0,0.0
2019-01-26,0.0,0.0,0.0,0.0,0.0,0.0,0.0,0.0,0.0,0.0,0.0,0.0,0.0,0.0,0.0,0.0,0.0,0.0,0.0,0.0,0.0,0.0,0.0,0.0,0.0,0.0,0.0,0.0,0.0
2019-01-27,0.0,0.0,0.0,0.0,0.0,0.0,0.0,0.0,0.0,0.0,0.0,0.0,0.0,0.0,0.0,0.0,0.0,0.0,0.0,0.0,0.0,0.0,0.0,0.0,0.0,0.0,0.0,0.0,0.0
2019-01-28,0.0,-0.31788955132166546,0.0,0.0,0.0,0.0,-0.37961432180906596,0.0,0.0,0.0,0.0,0.310416579246521,0.0,0.0,0.0,0.0,0.0,-0.45042306184768677,0.5662500262260437,0.0,0.0,0.0,-0.9078557557529874,0.0,0.0,0.0,0.0,0.0,0.0
2019-01-29,0.0,0.0,0.0,0.0,-0.32403564453125,0.0,-0.3144480735063553,0.0,0.0,0.0,0.0,0.8397873640060425,0.0,0.0,0.0,0.0,0.0,0.8660145401954651,-0.3078099489212036,0.4158846139907837,0.0,0.0,-0.19865554921767292,0.0,-0.009707962473233541,0.0,0.0,0.0,0.0
2019-01-30,0.0,0.0,0.0,0.0,0.0,0.9540544748306274,0.5908989310264587,0.0,0.0,0.0,0.0,0.0,0.0,0.0,0.0,0.0,0.0,0.0,0.49392890013181245,0.0,0.0,0.0,0.04564023017883301,0.0,0.5908989310264587,0.0,0.0,0.0,0.25096970796585083
2019-01-31,0.0,0.0,0.0,0.0,0.0,-0.5248324871063232,-0.17494416236877441,0.0,0.0,0.0,0.0,-0.4551096757253011,0.0,0.0,0.8712729215621948,0.0,0.0,0.46537747979164124,0.6165412664413452,-0.17494416236877441,0.0,0.0,0.47395938634872437,0.0,0.06700098514556885,0.0,0.0,0.0,0.3159932295481364
2019-02-01,0.0,0.0,0.0,0.0,0.0,0.0,0.0,0.0,0.0,0.0,0.0,0.6792833209037781,0.0,0.8060201406478882,0.0,0.0,0.0,-0.1786218285560608,-0.9723907709121704,-0.5958553552627563,0.0,0.0,0.0,0.0,0.01747290293375651,0.0,0.0,0.0,0.0622483125099769
2019-02-02,0.0,0.0,0.0,0.0,0.0,0.0,0.0,0.0,0.0,0.0,0.0,0.0,0.0,0.0,0.0,0.0,0.0,0.0,0.0,0.0,0.0,0.0,0.0,0.0,0.0,0.0,0.0,0.0,0.0
2019-02-04,0.0,0.0,0.0,0.0,0.0,0.9553090333938599,0.0,0.0,0.0,0.0,0.0,0.30856576386620016,0.0,0.0,0.0,0.0,0.0,0.8895068168640137,0.0,0.0,0.0,0.0,0.0,0.0,0.0,0.0,0.0,0.0,0.024695706367492676
2019-02-05,0.0,0.9041354060173035,0.0,0.0,0.0,0.0,0.0,0.0,0.0,0.0,0.0,0.13644507298102745,0.0,0.0,-0.8417063653469086,0.0,0.0,0.0,0.0,0.0,0.0,0.0,0.0,0.0,0.0,0.0,0.0,0.0,0.0
2019-02-06,0.0,0.0,0.0,0.0,0.0,0.0,0.0,0.0,0.0,0.0,0.0,0.0,0.0,0.0,-0.7066385746002197,0.0,0.0,-0.34370946884155273,-0.2895244359970093,0.0,0.0,0.0,0.9495316743850708,0.0,0.0,0.0,0.0,0.0,0.8181771039962769
2019-02-07,0.0,0.0,0.0,0.0,0.0,-0.6307083368301392,0.0,0.0,0.0,0.0,0.0,-0.5240053335825602,0.0,0.0,0.0,0.0,0.0,0.0,0.0,-0.9583781361579895,0.0,0.0,-0.9693133533000946,0.0,-0.9509850740432739,0.0,0.0,0.0,-0.7673941254615784
2019-02-08,0.0,0.0,0.0,0.0,0.0,-0.9552692174911499,0.0,0.0,0.0,0.0,0.0,0.0,0.0,0.0,0.0,0.0,0.0,0.0,0.0,0.0,0.0,0.0,-0.9546284079551697,0.0,0.0,0.0,0.0,0.0,-0.9546284079551697
2019-02-09,0.0,0.0,0.0,0.0,0.0,0.0,0.0,0.0,0.0,0.0,0.0,0.0,0.0,0.0,0.0,0.0,0.0,0.0,0.0,0.0,0.0,0.0,0.0,0.0,0.0,0.0,0.0,0.0,0.0
2019-02-10,0.0,0.0,0.0,0.0,0.0,0.0,0.0,0.0,0.0,0.0,0.0,0.0,0.0,0.0,0.0,0.0,0.0,0.0,0.0,0.0,0.0,0.0,0.0,0.0,0.0,0.0,0.0,0.0,0.0
2019-02-11,0.0,0.7414664626121521,0.0,0.0,0.0,0.0,0.0,0.9520197510719299,0.0,0.0,0.0,0.0,0.0,0.0,0.0,0.0,0.0,0.0,0.0,0.29448622465133667,0.0,0.0,-0.575852496283395,0.0,0.8860082924365997,0.0,0.0,0.0,0.0
2019-02-12,0.0,0.0,0.4684169888496399,0.0,0.0,0.0,0.0,0.0,0.0,0.7221769094467163,0.0,-0.0163048654794693,0.0,0.0,0.4721299707889557,0.0,0.0,0.0,0.0,0.0,0.0,0.9063043594360352,0.0,0.0,0.0,0.0,0.0,0.0,0.0
2019-02-13,0.0,0.0,0.0,0.0,0.0,0.8769264221191406,0.012137621641159058,0.0,0.0,0.0,0.0,0.46418702602386475,0.0,0.0,-0.30604567527771,0.0,0.0,0.0,0.0,0.0,0.0,0.0,0.0,0.0,0.0,0.0,0.0,0.0,0.0
2019-02-14,0.0,0.0,0.0,0.0,0.0,0.0,0.9408704340457916,0.0,0.0,0.24085636933644614,0.0,-0.23321537673473358,0.0,0.0,0.0,0.0,0.29931777715682983,0.4392303228378296,0.0,0.0,0.0,0.0,-0.00927551303591047,0.9489338994026184,0.0,0.0,0.0,0.0,0.12387192249298096
2019-02-15,0.0,0.8057286739349365,0.0,0.0,0.0,0.23808154463768005,0.0,0.0,0.0,-0.9723663926124573,0.0,-0.1940561294555664,0.0,0.0,0.0,0.0,-0.06784930527210235,0.0,0.0,0.31744205951690674,0.0,0.0,-0.085656461390582,0.604311552312639,0.0,0.0,0.0,0.0,0.0
2019-02-17,0.0,0.0,0.0,0.0,0.0,0.0,0.0,0.0,0.0,0.0,0.0,0.0,0.0,0.0,0.0,0.0,0.0,0.0,0.0,0.0,0.0,0.0,0.0,0.0,0.0,0.0,0.0,0.0,0.0
2019-02-18,0.0,0.0,0.0,0.0,0.0,0.0,0.0,0.0,0.0,0.0,0.0,0.0,0.0,0.0,0.0,0.0,0.0,0.0,0.0,0.0,0.0,0.0,0.0,0.0,0.0,0.0,0.0,0.0,0.0
2019-02-19,0.0,0.851604700088501,0.0,0.0,0.0,0.0,0.0,0.0,0.0,0.0,0.0,0.826393187046051,0.0,0.0,-0.8146449327468872,0.0,0.0,0.20615074634552003,0.3054993003606796,0.0,0.0,0.0,0.0,0.4343191186587016,0.35804982980092365,0.0,0.0,0.0,0.0
2019-02-20,0.0,-0.15897992253303528,0.0,0.0,0.0,-0.8802758455276489,0.3986179709434509,0.0,0.0,0.0,0.0,0.0,0.0,0.0,0.0,0.0,0.0,0.0,0.0,0.0,0.0,0.0,0.0,0.0,0.0,0.0,0.0,0.0,0.0
2019-02-21,0.0,0.0,0.0,0.0,0.0,0.0,0.0,0.0,0.0,0.0,0.0,-0.44631101191043854,0.0,0.0,-0.005547568202018738,0.0,0.4190075695514679,0.0,0.0,0.0,0.0,0.0,0.0,0.4761600196361542,0.0,0.0,0.0,0.0,0.0
2019-02-22,0.0,0.794526070356369,0.0,0.0,0.0,0.0,0.441458135843277,0.9491841793060303,0.0,0.0,0.0,-0.7845188975334167,0.0,0.0,0.0,0.0,-0.9320805072784424,-0.48501887917518616,0.0,0.0,0.0,0.0,0.31515808900197345,0.0,0.0,0.0,0.0,0.0,0.7967448830604553
2019-02-23,0.0,0.0,0.0,0.0,0.0,0.0,0.0,0.0,0.0,0.0,0.0,0.0,0.0,0.0,0.0,0.0,0.0,0.0,0.0,0.0,0.0,0.0,0.0,0.0,0.0,0.0,0.0,0.0,0.0
2019-02-25,0.0,0.0,0.0,0.0,0.0,0.0,0.8310375809669495,0.0,0.0,0.0,0.0,0.0,0.0,0.0,0.809818685054779,0.0,0.0,0.0,0.0,0.0,0.0,0.0,0.8310375809669495,0.0,0.5611523985862732,0.0,0.0,0.0,0.0
2019-02-26,0.0,0.0,0.0,0.0,0.0,0.0,-0.6388709366321563,0.0,0.0,0.0,0.0,0.6849827170372009,0.0,-0.16682304276360405,0.0,0.0,0.0,0.0,0.0,0.0,0.0,0.0,0.0,0.0,0.0,-0.5747146606445312,0.0,0.0,0.0
2019-02-27,0.0,0.0,0.3158753315607707,0.0,0.0,0.0,0.0,0.0,0.0,0.0,0.0,0.0,0.0,-0.2472425897916158,0.0,0.0,0.0,0.0,0.0,0.0,0.0,0.0,0.0,0.0,-0.9657729268074036,0.0,0.0,0.0,0.0
2019-02-28,0.0,0.0,0.3137954771518707,0.0,0.0,0.0,0.0,0.0,0.0,0.0,0.0,0.0,0.0,0.0,0.0,0.0,0.0,-0.953035831451416,0.0,0.0,0.0,0.0,0.0,0.0,0.0,0.0,0.0,0.0,0.0
2019-03-01,0.0,0.0,0.0,0.0,0.0,0.0,0.0,0.0,0.0,0.0,0.0,0.0,0.0,0.0,0.0,0.0,0.0,0.0,0.0,-0.4725718100865682,0.0,0.0,0.0,0.0,0.0,0.0,0.0,0.0,0.9386714100837708
2019-03-03,0.0,0.0,0.0,0.0,0.0,0.0,0.0,0.0,0.0,0.0,0.0,0.0,0.0,0.0,0.0,0.0,0.0,0.0,0.0,0.0,0.0,0.0,0.0,0.0,0.0,0.0,0.0,0.0,0.0
2019-03-04,0.0,0.0,0.8212271928787231,0.0,0.0,0.0,0.0,-0.211331307888031,0.0,0.0,0.0,0.02376273274421692,0.0,0.0,0.0,0.0,0.0,0.0,0.0,0.0,0.0,0.0,0.0,0.0,0.536728044350942,0.0,0.0,0.0,0.0
2019-03-05,0.0,0.0,0.0,0.0,0.0,0.0,0.9585186243057251,0.5223445951938629,0.0,0.0,0.0,-0.17759390672047934,0.0,0.27811354398727417,0.7393172979354858,0.0,0.0,0.9203477501869202,0.0,0.0,0.0,0.0,0.0,0.0,0.7393172979354858,0.0,0.0,0.0,0.9295769929885864
2019-03-06,0.0,0.0,0.9331844449043274,0.0,0.0,0.0,0.0,0.7990307211875916,0.0,0.0,0.0,0.0,0.0,-0.5364716649055481,0.16979794204235077,0.0,0.0,0.33959588408470154,0.0,0.0,0.0,0.0,-0.9749202728271484,0.0,-0.9712609648704529,-0.26823583245277405,0.0,0.0,0.6000708142916361
2019-03-07,0.0,0.9392485022544861,0.0,0.0,0.0,-0.48527851700782776,0.0,0.0,0.0,0.0,0.0,0.0,0.0,0.0,0.23401783406734467,0.0,-0.27241992950439453,0.0,0.0,-0.9705570340156555,0.0,0.0,-0.9655992984771729,-0.5774980783462524,0.0,0.0,0.0,0.0,0.7827100157737732
2019-03-08,0.0,0.0,0.0,0.0,0.0,0.0,0.0,0.0,0.0,0.0,0.0,0.31307631731033325,0.0,0.0,0.0,0.0,0.0,0.0,0.0,0.0,0.0,0.0,0.0,0.0,0.0,0.0,0.0,0.0,-0.7822944720586141
2019-03-10,0.0,0.0,0.0,0.0,0.0,0.0,0.0,0.0,0.0,0.0,0.0,0.0,0.0,0.0,0.0,0.0,0.0,0.0,0.0,0.0,0.0,0.0,0.0,0.0,0.0,0.0,0.0,0.0,0.0
2019-03-11,0.0,0.0,0.0,0.0,0.0,0.0,0.0,0.0,0.0,0.0,0.0,0.0,0.0,0.0,0.7313622236251831,0.0,0.0,0.0,0.0,0.0,0.0,0.0,0.2937777421691201,0.0,0.9384593963623047,0.0,0.0,0.0,-0.893062949180603
2019-03-12,0.0,0.0,0.0,0.0,0.0,0.0,0.0,0.0,0.0,0.0,0.0,-0.25389303763707477,0.0,0.0,0.4256211519241333,0.0,-0.5937147378921509,0.8415107925732931,0.0,0.6273015141487122,0.0,0.0,-0.2244672328233719,0.0,0.0,0.0,0.0,0.0,0.0
2019-03-13,0.0,0.0,0.0,0.0,0.0,0.9522030353546143,0.955264151096344,0.0,0.0,0.0,0.0,0.0,0.0,-0.8512914180755615,-0.9530791640281677,0.0,0.0,0.0,0.0,0.9522030353546143,0.0,0.0,0.0,0.0,0.0,0.03240450223286947,0.0,0.0,0.0
2019-03-14,0.0,0.0,0.0,0.0,0.8245022296905518,0.0,0.0,-0.2915809452533722,0.0,0.0,0.0,0.2997872233390808,0.0,0.0,0.0,0.0,0.0,0.0,0.0,0.0,0.0,0.0,-0.5484047333399454,-0.9112061262130737,0.0,0.0,0.0,0.0,0.0
2019-03-15,0.0,0.0,0.0,0.0,0.0,0.0,0.0,0.0,0.0,0.0,0.0,0.0,0.0,0.0,0.9498639106750488,0.0,0.0,0.0,0.0,0.0,0.0,0.0,0.9534470438957214,0.0,0.0,0.0,0.0,0.0,0.0
2019-03-17,0.0,0.0,0.0,0.0,0.0,0.0,0.0,0.0,0.0,0.0,0.0,0.0,0.0,0.0,0.0,0.0,0.0,0.0,0.0,0.0,0.0,0.0,0.0,0.0,0.0,0.0,0.0,0.0,0.0
2019-03-18,0.0,0.0,0.0,0.0,0.0,0.0,0.0,0.0,0.0,0.0,0.0,0.0,0.0,0.0,0.0,0.0,0.0,0.0,0.0,0.0,0.0,0.0,0.0,0.0,-0.6348771452903748,0.0,0.0,0.0,-0.8818090558052063
2019-03-19,0.0,-0.00038129091262817383,0.0,0.0,0.0,0.0,0.0,0.0,0.0,0.0,0.0,0.058774506503885444,0.0,0.0,0.0,0.0,0.0,0.0,0.0,0.0,0.0,0.0,0.03038257360458374,0.0,-0.31304389238357544,0.0,0.0,0.0,0.0
2019-03-20,0.0,0.0,0.0,0.0,0.0,-0.96540766954422,0.2502373456954956,0.0,0.0,0.0,0.0,-0.4262346227963765,0.0,0.9148245453834534,0.0,0.0,0.0,0.8091686964035034,0.0,-0.48270383477211,0.0,0.11377425988515218,0.1898823380470276,0.0,0.0,0.0,0.0,0.0,0.0
2019-03-21,0.0,-0.8597586154937744,0.0,0.0,0.0,0.0,-0.8280367851257324,0.0,0.0,0.0,0.0,0.0,0.0,0.0,0.0,0.0,0.0,0.0,0.0,0.0,0.0,0.0,0.7419723272323608,0.0,0.0,0.0,0.0,0.0,0.0
2019-03-22,0.0,0.0,0.0,0.0,0.0,-0.9631467262903849,-0.9733700156211853,-0.9733700156211853,0.0,0.0,0.0,0.0,0.0,0.0,0.0,0.0,0.0,0.0,0.0,-0.9704279899597168,0.0,0.0,-0.6264063318570455,0.0,0.0,0.0,0.0,0.0,0.0
2019-03-23,0.0,0.0,0.0,0.0,0.0,0.0,0.0,0.0,0.0,0.0,0.0,0.0,0.0,0.0,0.0,0.0,0.0,0.0,0.0,0.0,0.0,0.0,0.0,0.0,0.0,0.0,0.0,0.0,0.0
2019-03-24,0.0,0.0,0.0,0.0,0.0,0.0,0.0,0.0,0.0,0.0,0.0,0.0,0.0,0.0,0.0,0.0,0.0,-0.9710454344749451,0.0,0.0,0.0,0.0,0.0,0.0,0.0,0.0,0.0,0.0,0.0
2019-03-25,0.0,0.0,0.0,0.0,0.0,-0.6342833638191223,0.0,0.0,0.0,0.0,0.0,-0.44124358892440796,0.0,0.0,0.4714154005050659,0.0,-0.6342833638191223,0.0,0.0,0.0,0.0,0.0,0.0,-0.6342833638191223,0.0,0.0,0.0,0.0,0.0
2019-03-26,0.0,0.0,0.0,0.0,0.0,0.4602453112602234,0.0,0.0,0.0,0.0,0.0,0.005563278992970784,0.0,0.0,0.25809558232625324,0.0,0.0,0.7088564038276672,0.7403261959552765,0.8957934975624084,0.0,0.0,0.4399235486984253,0.0,-0.8135291934013367,0.8210839033126831,0.0,0.0,0.0
2019-03-27,0.0,0.0,0.0,0.0,0.0,0.0,0.0,-0.48693418502807617,0.0,0.0,0.0,-0.4676121175289154,0.0,0.0,0.3492673754692078,0.0,0.0,0.28627079725265503,-0.4645455777645111,0.0,0.0,0.0,0.0,0.0,0.0,0.0,0.0,0.0,0.0
2019-03-28,0.0,0.0,0.0,0.0,0.0,0.0,-0.9658209681510925,0.8536468148231506,0.0,0.0,0.0,-0.2043110728263855,0.0,0.0,0.4038369953632355,0.0,0.0,0.0,0.0,0.0,0.0,0.8392253518104553,0.0,0.0,0.0,0.0,0.0,0.0,0.0
2019-03-29,0.0,0.0,0.0,0.0,0.947797954082489,0.0,0.0,0.0,0.0,0.0,0.0,0.0,0.0,0.0,0.0,0.0,0.0,0.0,0.0,0.0,0.0,0.0,0.0,0.0,0.0,0.44692063331604004,0.0,0.0,0.0
2019-03-31,0.0,0.0,0.0,0.0,0.0,0.0,0.0,0.0,0.0,0.0,0.0,0.0,0.0,0.0,0.0,0.0,0.0,0.0,0.0,0.0,0.0,0.0,-0.5944801568984985,0.0,0.0,0.0,0.0,0.0,0.0
2019-04-01,0.0,0.4991503655910492,0.0,0.0,0.0,0.9154065549373627,0.9459894895553589,0.0,0.0,0.0,0.0,-0.4331045150756836,0.0,-0.26426491141319275,0.0,0.0,0.0,0.0,0.0,0.9154065549373627,0.0,0.0,0.6787492036819458,0.0,-0.29113128781318665,0.8949545621871948,0.0,0.0,0.2308206856250763
2019-04-02,0.0,0.9536033272743225,0.0,0.0,0.7462207674980164,0.0,0.5972532033920288,0.0,0.0,0.0,0.0,0.47166943550109863,0.0,0.0,0.0,0.0,0.0,0.0,0.0,0.0,0.0,0.0,0.0,0.0,0.7386813958485922,0.0,0.0,0.0,0.40719491243362427
2019-04-03,0.0,0.0,0.0,0.0,0.0,0.0,-0.7227176626523336,0.0,0.0,0.0,0.0,0.0,0.0,0.0,0.0,0.0,0.9548451900482178,0.0,0.0,0.0,0.0,0.0,0.2706351041793823,0.0,0.9306756854057312,0.0,0.0,0.0,0.11891084909439087
2019-04-04,0.0,0.0,0.0,0.0,0.0,0.0,0.0,-0.4872138202190399,0.0,0.0,0.0,-0.7851390838623047,0.0,0.0,0.8056219816207886,0.0,0.0,0.0,0.0,0.0,0.0,0.0,0.0,0.0,0.7260259985923767,0.0,0.0,0.0,0.8484179973602295
2019-04-05,0.0,0.0,0.0,0.0,0.0,0.8925203084945679,0.9501697421073914,0.0,0.0,0.0,0.0,0.0,0.0,0.0,0.0,0.0,0.0,0.0,0.0036640465259552,0.0,0.0,0.0,0.0,0.0,0.0,0.0,0.0,0.0,0.8801515996456146
2019-04-07,0.0,0.0,0.0,0.0,0.0,0.0,0.0,0.0,0.0,0.0,0.0,0.0,0.0,0.0,0.0,0.0,0.0,0.0,0.0,0.0,0.0,0.0,0.0,0.0,0.0,0.0,0.0,0.0,0.0
2019-04-08,0.0,0.0,0.0,0.0,0.0,0.0,0.0,0.0,0.0,0.0,0.0,-0.03871105114618937,0.0,0.0,0.3196156919002533,0.0,0.0,0.0,0.0,0.0,0.0,0.0,0.0,0.0,0.8256128629048666,0.12426694234212239,0.0,0.0,-0.28164294362068176
2019-04-09,0.0,0.0,0.0,0.0,0.0,0.0,-0.9720320105552673,0.0,0.0,0.0,0.0,0.30870024859905243,0.0,0.0,0.3630722165107727,0.0,0.0,0.0,0.0,0.0,0.0,0.0,-0.7889971733093262,0.0,0.0,0.3781924843788147,0.0,0.0,0.0
2019-04-10,0.0,0.0,0.0,0.0,0.8088177442550659,-0.26922646164894104,0.0,0.0,0.0,-0.8417396545410156,0.0,0.23147623240947723,0.0,0.0,0.0,0.0,0.0,0.0,0.0,-0.26922646164894104,0.0,0.0,0.0,0.0,0.0,0.0,0.0,0.0,0.0
2019-04-11,0.0,0.0,0.0,0.0,0.0,0.0,0.0,0.0,0.0,0.0,0.0,0.0,0.0,0.0,0.0,0.0,0.0,-0.6454947590827942,0.0,0.0,0.0,0.0,0.0,0.0,0.0,0.0,0.0,0.0,0.0
2019-04-12,0.0,0.0,0.0,0.0,0.0,0.8295272787412008,0.0,0.0,0.0,0.0,0.0,0.0,0.0,0.0,-0.02544286847114563,0.0,0.0,0.0,0.949889600276947,0.8295272787412008,0.0,0.0,-0.6799572110176086,0.0,0.0,0.0,0.0,0.0,0.0
2019-04-13,0.0,0.0,0.0,0.0,0.0,0.0,0.0,0.0,0.0,0.0,0.0,0.0,0.0,0.0,0.0,0.0,0.0,0.0,0.0,0.0,0.0,0.0,0.0,0.0,0.0,0.0,0.0,0.0,0.0
2019-04-14,0.0,0.0,0.0,0.0,0.0,0.0,0.0,0.0,0.0,0.0,0.0,0.0,0.0,0.0,0.0,0.0,0.5750145316123962,0.0,0.0,0.0,0.0,0.0,0.0,0.0,0.0,0.0,0.0,0.0,0.0
2019-04-15,0.0,0.0,-0.7727879881858826,0.0,0.0,0.0,0.0,-0.6135273575782776,0.0,0.0,0.0,0.15689149498939514,0.0,0.8973132967948914,0.6947720050811768,0.0,0.0,0.0,0.0,0.6947720050811768,0.0,0.0,0.0,0.0,0.0,0.0,0.0,0.0,0.3750268816947937
2019-04-16,0.0,0.0,0.0,0.0,0.0,0.22343839066369192,0.0,0.0,0.0,0.0,0.0,0.0,0.0,0.0,0.3137482133778659,0.0,0.9065756797790527,-0.9685145020484924,0.0,0.2683485746383667,0.0,0.0,0.0,0.0,-0.9685145020484924,0.0,0.0,0.0,0.9236841797828674
2019-04-17,0.0,0.0,0.0,0.0,0.0,-0.27867842713991803,0.0,0.0,0.0,0.0,0.0,0.0,0.0,0.0,0.7414075632890066,0.0,0.0,-0.9734947085380554,0.0,0.15706133842468262,0.0,0.0,0.0,0.3979839351442125,-0.9734947085380554,0.0,0.0,0.0,-0.9731638431549072
2019-04-18,0.0,0.848590075969696,0.0,0.0,-0.13583242893218994,0.0,0.0,0.0,0.0,0.0,0.0,0.0,0.0,0.0,0.8627289533615112,0.0,0.0,-0.9734947085380554,-0.6655076742172241,-0.7009786566098531,0.0,0.0,0.0,0.43477235237757367,-0.9734947085380554,0.0,0.0,0.0,0.0
2019-04-19,0.0,0.0,0.0,0.0,0.0,0.0,0.0,0.0,0.0,0.0,0.0,0.0,0.0,0.0,0.0,0.0,0.0,0.0,0.0,0.0,0.0,0.0,0.0,0.0,0.0,0.0,0.0,0.0,0.0
2019-04-21,0.0,0.0,0.0,0.0,0.0,0.0,0.0,0.0,0.0,0.0,0.0,0.0,0.0,0.0,0.0,0.0,0.0,0.0,0.0,0.0,0.0,0.0,0.0,0.0,0.0,0.0,0.0,0.0,0.0
2019-04-22,0.0,0.0,0.0,0.0,-0.049599677324295044,0.0,0.0,0.0,0.0,0.0,0.0,0.0,0.0,0.0,0.0,0.0,0.42243441939353943,0.5824555903673172,0.0,0.0,0.0,0.0,0.0,0.0,0.42763352394104004,0.0,0.0,0.0,0.8917530377705892
2019-04-23,0.0,0.9288549423217773,0.0,0.0,0.0,0.0,0.9387121796607971,0.0,0.0,0.0,0.0,0.23215839266777039,0.0,0.3116668462753296,0.46442747116088867,0.0,0.33364035934209824,0.3096183141072591,0.0,0.0,0.0,0.0,0.6252285838127136,0.31756744782129925,0.9288549423217773,0.1654788984192742,0.0,0.0,0.0
2019-04-24,0.0,0.0,0.0,0.0,0.0,0.0,0.16320669054985046,0.0,0.0,0.0,0.0,0.7133253216743469,0.0,0.0,0.0,0.0,0.5182453691959381,-0.2959202229976654,-0.015349984169006348,0.0,0.0,0.0,0.948883056640625,0.0,0.0,-0.24705892205238342,0.0,0.0,0.3462164282798767
2019-04-25,0.0,0.5829599648714066,0.0,0.0,0.2563124537467957,0.0,-0.9404048919677734,0.0,0.0,0.0,0.0,-0.08042019605636597,0.0,0.0,0.7487363219261169,0.0,0.9246327877044678,0.0,0.0,-0.9382439255714417,0.0,0.0,-0.5830958604812622,0.0,0.0,0.0,0.0,0.0,0.0
2019-04-26,0.0,0.0,0.0,0.0,0.0,0.0,0.0,0.0,0.0,0.0,0.0,0.0,0.0,0.0,0.0,0.0,0.0,-0.29385486245155334,0.0,0.0,0.0,0.0,-0.047453075647354126,0.0,0.945824384689331,0.9580695629119873,0.0,0.0,-0.11820414236613683
2019-04-27,0.0,0.0,0.0,0.0,0.0,0.0,0.0,0.0,0.0,0.0,0.0,0.0,0.0,0.0,0.0,0.0,0.0,0.0,0.0,0.0,0.0,0.0,0.0,0.0,0.0,0.0,0.0,0.0,0.0
2019-04-28,0.0,0.0,0.0,0.0,0.0,0.0,0.0,0.0,0.0,0.0,0.0,0.0,0.0,0.0,0.0,0.0,0.0,0.0,0.0,0.0,0.0,0.0,0.0,0.0,0.0,0.0,0.0,0.0,0.0
2019-04-29,0.0,0.8914238810539246,0.0,0.0,-0.5845073759555817,0.8252819180488586,0.0,0.0,0.0,0.0,0.0,-0.17508117109537125,0.0,0.0,0.0,0.0,0.0,0.0,-0.3966580927371979,0.0,0.0,0.0,0.0,-0.816295325756073,0.0,0.0,0.0,0.0,0.0
2019-04-30,0.0,0.4061744213104248,0.0,0.0,0.0,-0.67099729180336,-0.6241376399993896,0.0,0.0,0.0,0.0,-0.2788266156400953,0.0,0.0,0.0,0.0,0.0,-0.30130644887685776,-0.2214405486981074,-0.6919385194778442,0.0,0.0,0.47741034626960754,0.0,0.28265637821621364,0.0,0.0,0.0,-0.6241376399993896
2019-05-01,0.0,0.0,-0.4559703469276428,0.0,0.0,0.0,0.0,0.0,0.0,0.0,0.0,-0.18026356399059296,0.0,0.0,0.0,0.0,0.4622766971588135,0.8970305323600769,0.49151605864365894,0.0,0.0,0.0,0.9463768601417542,0.0,0.0,0.0,0.0,0.0,0.0
2019-05-02,0.0,0.0,0.0,0.0,0.0,0.0,0.8292199492454528,0.0,0.0,0.0,0.0,-0.19166521728038788,0.0,0.45853114128112793,-0.16422230005264282,0.0,0.0,0.0,0.0,0.0,0.0,0.0,0.0,0.0,0.0,0.0,0.0,0.0,0.0
2019-05-03,0.0,0.0,-0.21073903143405914,0.0,0.0,0.0,0.0,0.0,0.0,0.0,0.0,0.0,0.0,0.0,0.0,0.0,0.0,0.0,0.0,0.0,0.0,0.0,0.0,0.0,0.0,0.0,0.0,0.0,0.5350876450538635
2019-05-04,0.0,0.0,0.0,0.0,0.0,0.0,0.0,0.0,0.0,0.0,0.0,0.0,0.0,0.0,0.0,0.0,0.0,0.0,0.0,0.0,0.0,0.0,0.0,0.0,0.0,0.0,0.0,0.0,0.0
2019-05-05,0.0,0.0,0.0,0.0,0.0,0.0,0.0,0.0,0.0,0.0,0.0,0.0,0.0,0.0,0.0,0.0,0.0,0.0,0.0,0.0,0.0,0.0,0.0,0.0,0.0,0.0,0.0,0.0,0.0
2019-05-06,0.0,0.0,0.0,0.0,0.0,-0.48350396752357483,-0.9019649028778076,0.0,0.0,0.0,0.0,-0.02124205231666565,0.0,0.0,0.0,0.0,0.0,0.0,0.0,-0.9670079350471497,0.0,0.0,-0.9351484477519989,0.0,0.9258232116699219,0.0,0.0,0.0,0.0
2019-05-07,0.0,0.0,0.0,0.0,0.0,-0.6372578342755636,-0.9696589708328247,-0.9682064056396484,0.0,-0.9617137908935547,0.0,0.0,0.0,0.0,-0.017721951007843018,0.0,0.0,0.0,0.0,0.0,0.0,0.0,-0.9682064056396484,0.0,0.9093739986419678,0.0,0.0,0.0,0.20734727382659912
2019-05-08,0.0,0.0,0.0,0.0,0.8215137124061584,0.6804091334342957,0.5198805332183838,0.0,0.0,0.0,0.0,-0.03966917097568512,0.0,0.0,0.0,0.0,0.2599402666091919,0.0,0.0,-0.935854971408844,0.0,0.0,0.0,0.0,0.0,0.2599402666091919,0.0,0.0,0.7858244180679321
2019-05-09,0.0,0.0,0.9330804944038391,0.0,0.0,-0.3216250538825989,-0.36358460783958435,-0.48545020818710327,0.0,-0.04248793423175812,0.0,-0.009168744087219238,0.0,0.0,0.0,0.0,0.0,0.0,0.0,0.0,0.0,0.9382439255714417,-0.037889460722605385,0.0,0.0,0.0,0.0,0.0,-0.9714628458023071
2019-05-10,0.0,0.0,0.0,0.0,0.0,0.0,0.0,0.0,0.0,0.0,0.0,0.0,0.0,0.0,-0.6870238184928894,0.0,0.0,0.0,0.0,0.0,0.0,0.0,-0.9634299278259277,0.0,0.0,0.0,0.0,0.0,0.0
2019-05-11,0.0,0.0,0.0,0.0,0.0,0.0,0.0,0.0,0.0,0.0,0.0,0.0,0.0,0.0,0.0,0.0,0.0,0.0,0.0,0.0,0.0,0.0,0.0,0.0,0.0,0.0,0.0,0.0,0.0
2019-05-12,0.0,0.0,0.0,0.0,0.0,0.0,0.0,0.0,0.0,0.0,0.0,0.0,0.0,0.0,0.0,0.0,0.0,0.0,0.0,0.0,0.0,0.0,0.0,0.0,0.0,0.0,0.0,0.0,0.0
2019-05-13,0.0,0.0,0.0,0.0,0.0,-0.9693200588226318,-0.09715011119842529,-0.9721390008926392,0.0,0.0,0.0,0.0,0.0,0.0,-0.9609546065330505,0.0,0.0,-0.057870060205459595,-0.9699056148529053,-0.9566802382469177,0.0,0.0,-0.4344504326581955,0.0,-0.9669035971164703,0.0,0.0,0.0,-0.2503891885280609
2019-05-14,0.0,0.5767739613850912,0.0,0.0,0.0,0.0,0.8198541104793549,0.0,0.0,0.0,0.0,0.0,0.0,0.0,-0.8507388234138489,0.0,0.4324924424290657,0.8498830795288086,0.0,-0.9723415970802307,0.0,0.0,0.47268950939178467,0.0,0.8702090382575989,0.0,0.0,0.0,0.9401902556419373
2019-05-15,0.0,0.0,0.0,0.0,0.0,-0.48321813344955444,-0.4713837206363678,-0.4863480031490326,0.0,0.0,0.0,0.06155390739440918,0.0,0.0,0.7385056018829346,0.0,0.0,0.0,0.0,0.0,0.0,0.0,-0.48632606863975525,0.0,0.31219985087712604,0.0,0.0,0.0,0.0
2019-05-16,0.0,0.0,0.0,0.0,0.0,0.0,0.0,0.9001127481460571,0.0,0.7562028169631958,0.0,0.9001127481460571,0.0,0.0,0.06085920333862305,0.0,0.0,0.0,0.0,0.0,0.0,0.8899601697921753,0.09603030681610107,0.0,0.8057321310043335,0.0,0.0,0.0,0.0
2019-05-17,0.0,-0.6709697246551514,0.0,0.0,0.0,-0.9615726470947266,0.0,-0.9684810638427734,0.0,0.0,0.0,-0.2232090632120768,0.0,0.0,0.0,0.0,0.0,0.0,0.0,0.0,0.0,0.0,-0.2985656261444092,0.0,0.7811648845672607,0.0,0.0,0.0,0.0
2019-05-18,0.0,0.0,0.0,0.0,0.0,0.0,0.0,0.0,0.0,0.0,0.0,0.0,0.0,0.0,0.0,0.0,0.0,0.0,0.0,0.0,0.0,0.0,0.0,0.0,0.0,0.0,0.0,0.0,0.0
2019-05-19,0.0,0.0,0.0,0.0,0.0,0.0,0.0,0.0,0.0,0.0,0.0,-0.9344852566719055,0.0,0.0,0.0,0.0,0.0,0.0,0.0,0.0,0.0,0.0,0.0,0.0,0.0,0.0,0.0,0.0,0.0
2019-05-20,0.0,0.0,-0.07924523949623108,0.0,0.0,0.0,0.0,0.0,0.0,0.0,0.0,-0.450059249997139,0.0,-0.48531656463940936,0.0,0.0,0.0,0.0,0.0,0.0,0.0,0.0,-0.963537722826004,0.0,0.0,0.0,0.0,0.0,0.0
2019-05-21,0.0,0.0,0.0,0.0,0.0,0.0,0.0,0.0,0.0,0.0,0.0,0.31528493762016296,0.0,0.15148957073688507,-0.43066155910491943,0.0,0.0,0.9251670241355896,0.936945915222168,0.9276435375213623,0.0,0.0,0.7851945459842682,0.0,0.0,0.0,0.0,0.0,0.0
2019-05-22,0.0,0.0,0.0,0.0,0.0,-0.008190631866455078,0.0,0.0,0.0,0.0,0.0,-0.2139610250790914,0.0,0.36780960857868195,0.0,0.0,0.0,0.5046207904815674,0.0,0.0,0.0,0.0,0.0,0.0,0.0,0.0,0.0,0.0,-0.4851064383983612
2019-05-23,0.0,0.0,0.0,0.0,0.0,-0.4830067455768585,0.0,-0.9726543426513672,0.0,0.0,0.0,0.09157155454158783,0.0,-0.8650383949279785,0.0,0.0,0.0,0.0,0.0,-0.966013491153717,0.0,0.0,-0.972236692905426,0.0,0.0,0.0,0.0,0.0,-0.9716385006904602
2019-05-24,0.0,0.0,0.0,0.0,0.0,0.0,0.0,0.0,0.0,0.0,0.0,-0.29172632098197937,0.0,0.0,0.0,0.0,0.0,0.0,0.0,0.0,0.0,0.0,0.0,0.0,-0.9427260160446167,0.0,0.0,0.0,0.0
2019-05-25,0.0,0.0,0.0,0.0,0.0,0.0,0.0,0.0,0.0,0.0,0.0,0.0,0.0,0.0,0.0,0.0,0.0,0.0,0.0,0.0,0.0,0.0,0.0,0.0,0.0,0.0,0.0,0.0,0.0
2019-05-26,0.0,0.0,0.0,0.0,0.0,0.0,0.0,0.0,0.0,0.0,0.0,0.0,0.0,0.0,0.0,0.0,0.0,0.0,0.0,0.0,0.0,0.0,0.0,0.0,0.0,0.0,0.0,0.0,0.9229602813720703
2019-05-27,0.0,0.0,0.0,0.0,0.0,0.0,0.0,0.0,0.0,0.0,0.0,0.0,0.0,0.5231072902679443,0.0,0.0,0.0,0.0,0.0,0.0,0.0,0.0,0.0,0.0,0.0,0.0,0.0,0.0,0.0
2019-05-28,0.0,0.0,0.0,0.0,0.0,0.0,0.0,-0.9489825367927551,0.0,0.0,0.0,0.0,0.0,0.0,0.0,0.0,0.0,0.10500113169352214,0.0,0.0,0.0,0.0,0.900546133518219,0.0,0.0,0.0,0.0,0.0,0.0
2019-05-29,0.0,0.0,0.0,0.0,-0.8219602108001709,-0.4833666682243347,0.0,-0.2324804663658142,0.0,0.0,0.0,-0.11815268993377685,0.0,0.0,-0.10510587692260742,0.0,0.0,0.0,0.0,0.0,0.0,0.0,-0.9715542197227478,0.0,0.0,0.0,0.0,0.0,0.5201539158821106
2019-05-30,0.0,0.0,0.0,0.0,0.0,0.0,0.0,0.0,0.0,0.0,0.0,0.0,0.0,0.0,0.0,0.0,0.0,0.0,0.0,0.0,0.0,0.0,0.0,0.0,0.0,0.0,0.0,0.0,-0.9721611142158508
2019-05-31,0.0,0.0,0.9497460126876831,0.0,0.5588088631629944,-0.9552136659622192,0.0,-0.9682568907737732,0.0,0.0,0.0,-0.003164350986480713,0.0,0.0,-0.6264730989933014,0.0,0.0,0.0,0.0,0.0,0.0,0.0,-0.9552136659622192,0.0,0.0,0.0,0.0,0.0,0.0
2019-06-01,0.0,0.0,0.0,0.0,0.0,0.0,0.0,0.0,0.0,0.0,0.0,0.0,0.0,0.0,0.0,0.0,0.0,0.0,0.0,0.0,0.0,0.0,0.0,0.0,0.0,0.0,0.0,0.0,0.0
2019-06-02,0.0,0.0,0.0,0.0,0.0,0.0,0.0,0.0,0.0,0.0,0.0,-0.871132880449295,0.0,0.0,0.0,0.0,0.0,0.0,0.0,0.0,0.0,0.0,0.0,0.0,0.0,0.0,0.0,0.0,0.0
2019-06-03,0.0,0.0,0.0,0.0,0.0,0.0,0.0,-0.9718090295791626,0.0,0.0,0.0,-0.13953383763631186,0.0,0.0,0.8904387354850769,0.0,0.0,0.7360188961029053,0.0,-0.48212409019470215,0.0,0.0,0.0,0.0,0.9047716856002808,0.0,0.0,0.0,0.8684719800949097
2019-06-04,0.0,0.0,0.0,0.0,0.0,0.7705660760402679,0.46731600165367126,0.16092276343932518,0.0,0.0,0.0,-0.12263666838407516,0.0,0.9265220165252686,0.3833656311035156,0.0,0.0,0.8654928803443909,0.0,0.935303807258606,0.0,0.0,0.9424027800559998,0.0,0.1257585883140564,0.0,0.0,0.0,0.0
2019-06-05,0.0,0.0,0.0,0.0,0.0,0.0,0.9016104340553284,0.3846694429715474,0.0,0.0,0.0,0.0,0.0,0.0,0.0,0.0,0.0,0.21267718076705933,0.0,0.0,0.0,0.0,-0.024419546127319336,0.0,0.9127887487411499,0.0,0.0,0.0,-0.9696052670478821
2019-06-06,0.0,0.9194048047065735,0.0,0.0,0.0,0.0,0.0,0.2867625951766968,0.0,0.0,0.0,0.0,0.0,0.0,0.0,0.0,0.0,0.0,0.0,0.0,0.0,0.0,0.2785707116127014,0.0,0.0,0.0,0.0,0.0,0.0
2019-06-07,0.0,0.0,0.06492765247821808,0.0,0.0,0.0,0.0,0.0,0.0,0.0,0.0,0.0,0.0,0.0,0.0,0.0,0.0,0.0,0.20094603300094604,0.0,0.0,0.7895548343658447,0.0,0.0,0.0,0.0,0.0,0.0,-0.501014232635498
2019-06-08,0.0,0.0,0.0,0.0,0.0,0.0,0.0,0.0,0.0,0.0,0.0,0.0,0.0,0.0,0.0,0.0,0.0,0.0,0.0,0.0,0.0,0.0,0.0,0.0,0.0,0.0,0.0,0.0,0.0
2019-06-09,0.0,0.0,0.0,0.0,0.0,0.0,0.0,0.0,0.0,0.0,0.0,0.0,0.0,0.0,0.0,0.0,0.0,0.9427503744761149,0.0,0.0,0.0,0.0,0.0,0.0,0.0,0.0,0.0,0.0,0.0
2019-06-10,0.0,0.0,0.0,0.0,0.0,0.46298879384994507,0.0,-0.11196821928024292,0.0,0.0,0.0,0.1349179893732071,0.0,0.0,0.0,0.0,0.0,-0.9724926948547363,-0.969053328037262,0.46298879384994507,0.0,0.0,0.9257490038871765,0.0,0.0,0.0,0.0,0.0,0.0
2019-06-11,0.0,0.9552960991859436,0.0,0.0,0.0,0.0,0.8883536458015442,-0.20857123533884683,0.0,0.0,0.0,-0.3898423654692514,0.0,0.0,0.3691181143124898,0.0,0.0,0.944206178188324,0.27068960666656494,0.636289656162262,0.0,0.0,0.8925165136655172,0.0,0.0,0.0,0.0,0.0,0.0
2019-06-12,0.0,0.0,0.0,0.0,0.0,0.0,0.0,0.0,0.0,0.0,0.0,0.45156678557395935,0.0,0.0,-0.6073905229568481,0.0,0.0,0.0,-0.2527572214603424,-0.5744580626487732,0.0,0.0,-0.9709856510162354,0.0,0.5060818791389465,0.0,0.0,0.0,0.2948882182439168
2019-06-13,0.0,0.0,0.0,0.0,0.0,0.0,0.8262194097042084,0.0,0.0,0.0,0.0,0.0,0.0,0.0,0.0,0.0,0.0,0.0,0.0,0.0,0.0,0.0,0.3986564874649048,0.72883340716362,0.0,0.0,0.0,0.0,0.02134665846824646
2019-06-14,0.0,0.5561163425445557,0.0,0.0,0.0,0.0,-0.9701083898544312,0.0,0.0,0.8322315812110901,0.0,0.0,0.0,0.0,0.8523501753807068,0.0,0.0,0.27805817127227783,0.8695726990699768,-0.9701083898544312,0.0,0.7418760657310486,-0.9663528800010681,0.0,0.0,0.0,0.0,0.0,0.0
2019-06-17,0.0,0.0,0.0,0.0,0.0,0.9526774883270264,0.0,0.0,0.0,0.0,0.0,0.0,0.0,0.7398681044578552,0.0,0.0,0.0,0.0,0.0,0.0,0.0,0.0,0.0,0.0,-0.03410288691520691,0.726201593875885,0.0,0.0,0.0
2019-06-18,0.0,0.0,0.0,0.0,0.9141180515289307,0.266359806060791,0.0,0.0,0.0,0.0,0.0,0.24358131488164267,0.0,0.0,0.0,0.0,0.0,0.0,0.0,0.9141180515289307,0.0,0.0,0.3753192573785782,0.0,-0.30107489228248596,0.0,0.0,0.0,0.0
2019-06-19,0.0,0.0,0.0,0.0,0.0,0.0,0.0,0.0,0.0,0.0,0.0,0.0,0.0,0.0,0.0,0.0,0.0,0.0,0.0,0.0,0.0,0.0,0.0,0.0,0.2679215868314107,0.0,0.0,0.0,0.0
2019-06-20,0.0,0.0,0.0,0.0,0.0,0.0,0.0,0.0,0.0,0.0,0.0,-0.07821403443813324,0.0,0.0,0.0,0.0,0.0,0.0,0.0,0.0,0.0,0.0,0.9484878778457642,0.0,0.9104909300804138,0.0,0.0,0.0,0.0
2019-06-21,0.0,0.0,0.0,0.0,0.0,0.0,0.19738097985585532,0.0,0.0,0.0,0.0,0.0,0.0,0.0,0.0,0.0,0.0,0.0,0.0,0.0,0.0,0.9171479940414429,0.0,0.0,0.6866138130426407,0.0,0.0,0.0,-0.8660092353820801
2019-06-22,0.0,0.0,0.0,0.0,0.0,0.0,0.0,0.0,0.0,0.0,0.0,0.0,0.0,0.0,0.0,0.0,0.0,0.0,0.0,0.0,0.0,0.0,0.0,0.0,0.0,0.0,0.0,0.0,0.0
2019-06-24,0.0,-0.8915113210678101,0.0,0.0,0.0,0.0,0.0,-0.972283124923706,0.0,0.0,0.0,-0.35819298028945923,0.0,0.0,0.7502650618553162,0.0,0.8465055227279663,0.0,0.0,0.0,0.0,0.0,0.0,0.0,0.0,0.0,0.0,0.0,0.0
2019-06-25,0.0,0.23933333158493042,0.0,0.0,0.0,0.0,0.0,-0.9679879546165466,0.0,0.0,0.0,-0.8122460842132568,0.0,0.0,0.0,0.0,0.0,0.0,0.2644505302111308,0.0,0.0,0.880632758140564,0.0,0.0,0.0,0.0,0.0,0.0,0.0
2019-06-26,0.0,0.9414454102516174,0.0,0.0,0.0,0.0,0.0,0.0,0.0,0.0,0.0,-0.21272737781206766,0.0,0.0,0.0,0.0,0.0,0.3654835939407349,0.0,0.0,0.0,0.0,0.9531263709068298,0.0,0.9331789414087931,0.0,0.0,0.0,0.9281330704689026
2019-06-27,0.0,0.9196654558181763,0.0,0.0,0.0,0.9256727397441864,0.0,0.0,0.0,0.0,0.0,-0.26525476574897766,0.0,0.0,0.0,0.0,0.0,0.0,0.0,0.828208327293396,0.0,0.0,0.1266922950744629,0.0,0.0,0.0,0.0,0.0,-0.095944344997406
2019-06-28,0.0,0.45983272790908813,0.0,0.0,0.0,0.6928881108760834,0.0,0.9491560459136963,0.0,0.0,0.0,0.0,0.0,0.0,0.9150353074073792,0.0,0.0,0.0,0.4497225284576416,0.6065482695897421,0.0,0.0,0.0,0.0,0.15267570813496908,0.10025566816329956,0.0,0.0,0.0
2019-06-29,0.0,0.0,0.0,0.0,0.0,0.0,0.0,0.0,0.0,0.0,0.0,0.0,0.0,0.0,0.0,0.0,0.0,0.0,0.0,0.0,0.0,0.0,0.0,0.0,0.0,0.0,0.0,0.0,0.0
2019-06-30,0.0,0.0,0.0,0.0,0.0,0.0,0.0,0.0,0.0,0.0,0.0,0.0,0.0,0.0,0.0,0.0,0.0,0.0,0.0,0.0,0.0,0.0,0.0,0.0,0.0,0.0,0.0,0.0,0.0
2019-07-01,0.0,0.0,0.0,0.0,0.0,-0.9639348983764648,-0.492134153842926,0.0,0.0,0.0,0.0,-0.19156434138615927,0.0,0.6879157423973083,0.0,0.0,0.37844085693359375,0.0,0.0,-0.9639348983764648,0.0,0.0,0.5985150337219238,0.0,0.6300191680590311,0.0,0.0,0.0,0.5118728280067444
2019-07-02,0.0,0.0,0.0,0.0,0.0,0.0,0.0,0.0,0.0,0.0,0.0,0.0,0.0,0.0,0.0,0.0,0.0,0.5056261420249939,0.0,0.0,0.0,0.0,0.0,0.0,0.0,0.0,0.0,0.0,-0.48452189564704895
2019-07-03,0.0,0.0,0.0,0.0,0.0,0.0,0.0,0.0,0.0,0.0,0.0,0.0,0.0,0.0,0.0,0.0,0.8740394711494446,0.0,0.0,0.0,0.0,0.0,0.0,0.4370197355747223,0.0,0.8740394711494446,0.0,0.0,0.0
2019-07-05,0.0,0.0,0.0,0.0,0.0,0.0,0.0,0.0,0.0,0.0,0.0,0.0,0.0,0.0,0.0,0.0,0.0,0.0,0.0,0.0,0.0,0.0,-0.9519752860069275,0.0,0.0,0.0,0.0,0.0,0.0
2019-07-06,0.0,0.0,0.0,0.0,0.0,0.0,0.0,0.0,0.0,0.0,0.0,0.0,0.0,0.0,0.0,0.0,0.0,0.0,0.0,0.0,0.0,0.0,0.0,0.0,0.9456517100334167,0.0,0.0,0.0,0.0
2019-07-07,0.0,0.0,0.0,0.0,0.0,0.0,0.0,0.0,0.0,0.0,0.0,0.0,0.0,0.0,0.0,0.0,0.0,0.0,0.0,0.0,0.0,0.0,0.0,0.0,0.0,0.0,0.0,0.0,0.0
2019-07-08,0.0,-0.9662870168685913,0.0,0.0,0.0,0.0,0.0,0.0,0.0,0.6082990169525146,0.0,0.0,0.0,0.0,0.8729339241981506,0.0,0.0,-0.914594978094101,0.0,-0.43895524740219116,0.0,0.0,0.0,0.6447505354881287,-0.914594978094101,0.0,0.0,0.0,0.0
2019-07-09,0.0,0.0,0.0,0.0,0.0,0.4736776053905487,0.0,0.0,0.0,0.0,0.0,0.0,0.0,-0.5024253726005554,0.5663350224494934,0.0,0.0,-0.48335352540016174,-0.6122503280639648,0.0,0.0,0.0,0.31253323952356976,0.17111856341362,-0.9417937994003296,0.0,0.0,-0.08869776129722595,0.9383083581924438
2019-07-10,0.0,0.0,0.0,0.0,0.9286409616470337,0.0,0.0,0.0,0.0,0.0,0.0,0.0,0.0,0.0,0.8570739229520162,0.0,0.0,0.0,0.0,0.0,0.0,0.0,0.0,0.5010167002677918,0.6006189783414205,0.0,0.0,0.0,-0.8760603368282318
2019-07-11,0.0,0.0,0.0,0.0,0.0,0.0,0.0,0.0,0.0,0.0,0.0,-0.2307755708694458,0.0,0.0,0.0,0.0,0.0,-0.32311638196309406,0.0,0.0,0.0,0.0,0.3172916769981384,0.0,0.0,0.0,0.0,-0.010566512743631998,-0.8954642415046692
2019-07-12,0.0,0.0,0.0,0.0,0.0,0.0,0.0,0.0,0.0,0.0,0.0,0.0,0.0,0.0,-0.2027523054016961,0.0,0.0,-0.3905089646577835,0.0,-0.3909211754798889,0.0,0.0,0.7902204096317291,0.0,-0.9722182154655457,0.0,0.0,0.14946302771568298,0.0
2019-07-13,0.0,0.0,0.0,0.0,0.0,0.0,0.0,0.0,0.0,0.0,0.0,0.0,0.0,0.0,0.8072382807731628,0.0,0.0,0.0,0.0,0.0,0.0,0.0,0.0,0.0,0.0,0.0,0.0,0.0,0.0
2019-07-15,0.0,0.0,0.9244215289751688,0.0,0.0,0.0,0.0,0.0,0.0,0.0,0.0,-0.7221674025058746,0.0,0.0,0.0,0.0,0.0,0.0,0.920839250087738,0.0,0.0,0.4549795985221863,0.0,0.0,0.0,0.0,0.0,0.0,0.0
2019-07-16,0.0,0.0,0.0,0.0,0.0,0.7215441465377808,0.0,0.0,0.0,0.0,0.0,0.0,0.0,-0.24010916550954184,0.035100812261754814,0.0,0.0,0.0,0.7922980189323425,0.7215441465377808,0.0,0.0,0.0,0.0,0.0,0.0,0.0,0.0,0.0
2019-07-17,0.0,0.0,0.0,0.0,0.0,-0.3466533422470093,0.0,0.0,0.0,0.0,0.0,-0.12380167841911316,0.0,0.0,-0.4099680384000142,0.0,0.0,0.0,0.0,0.0,0.0,0.0,0.0,0.0,0.0,0.0,0.0,0.0,0.0
2019-07-18,0.0,0.0,0.0,0.0,0.0,-0.9394364953041077,0.0,0.0,0.0,0.0,0.0,-0.30821170409520465,0.0,0.0,0.0,0.0,0.0,0.0,0.5972912907600403,-0.4521087606747945,0.0,0.0,0.0,0.0,0.0,0.0,0.0,-0.4149576170103891,-0.0937618613243103
2019-07-19,0.0,0.0,0.0,0.0,-0.002142359813054403,0.0,0.0,0.0,0.0,0.0,0.0,-0.3238166570663452,0.0,0.0,0.6516919732093811,0.0,0.0,0.0,0.0,0.939017653465271,0.0,0.0,0.0,0.0,0.2755502462387085,0.0,0.0,0.0,0.0
2019-07-20,0.0,0.0,0.0,0.0,0.0,0.0,0.0,0.0,0.0,0.0,0.0,0.0,0.0,0.0,0.937285840511322,0.0,0.0,0.0,-0.9730322360992432,0.0,0.0,0.0,0.0,0.0,0.0,0.0,0.0,0.0,0.0
2019-07-21,0.0,0.0,0.0,0.0,0.0,0.0,0.0,0.0,0.0,0.0,0.0,-0.7411510348320007,0.0,0.0,0.0,0.0,0.0,0.0,0.0,0.0,0.0,0.0,0.0,0.0,0.0,0.0,0.0,0.0,0.0
2019-07-22,0.0,0.0,0.0,0.0,0.4480050504207611,0.0,0.0,0.0,0.0,0.0,0.0,0.0,0.0,0.0,0.0,0.0,0.0,0.0,0.0,0.0,0.0,0.0,0.9125325679779053,0.0,0.0,0.0,0.0,0.0,0.0
2019-07-23,0.0,0.0,0.0,0.0,0.0,0.0,0.47476330399513245,0.0,0.0,0.0,0.0,-0.42503316700458527,0.0,0.0,0.4117789566516876,0.0,0.33337073773145676,0.0,0.0,0.9495266079902649,0.0,0.0,0.0,0.0,0.6588086932897568,0.0,0.0,0.0,0.0
2019-07-24,0.0,0.0,0.0,0.0,0.0,0.0,-0.44914786173747134,0.8263159990310669,0.0,0.0,0.0,-0.3600989878177643,0.0,0.0,0.0,0.0,0.6227311119437218,0.0,0.0,-0.9102596640586853,0.0,0.3398544490337372,0.9542261958122253,0.0,0.0,0.0,0.0,0.0,0.0
2019-07-25,0.0,0.0,0.0,0.0,0.0,0.3527539074420929,-0.3106370766957601,0.0,0.0,0.0,0.0,0.373956523835659,0.0,0.0,0.0,0.0,0.0,0.0018690228462219238,0.0,0.0,0.0,0.0,-0.9655558466911316,0.0,0.0,0.0,0.0,0.0,-0.9733183979988098
2019-07-26,0.0,0.7608502308527628,0.0,0.0,0.0,0.16649514436721802,0.0,0.0,0.0,0.0,0.0,0.430875352135411,0.0,0.0,0.8467410206794739,0.0,0.0,0.0,0.42630258533689713,0.0,0.0,0.0,0.19267544150352478,0.0,0.7678375840187073,0.0,0.0,0.0,0.0
2019-07-27,0.0,0.0,0.0,0.0,0.0,0.0,0.0,0.0,0.0,0.0,0.0,0.204728901386261,0.0,0.0,0.0,0.0,0.0,0.0,0.0,0.0,0.0,0.0,0.0,0.0,0.0,0.0,0.0,0.0,0.0
2019-07-28,0.0,0.0,0.0,0.0,0.0,0.0,0.0,0.0,0.0,0.0,0.0,0.0,0.0,0.0,0.0,0.0,0.0,0.0,0.0,0.0,0.0,0.0,0.0,0.0,0.0,0.0,0.0,0.0,0.0
2019-07-29,0.0,0.0,0.0,0.0,0.0,0.0,0.0,-0.9706636071205139,0.0,0.0,0.0,0.0,0.0,0.0,0.0,0.0,-0.13548250496387482,0.0,0.5512166917324066,0.0,0.0,0.0,-0.9726277589797974,-0.13548250496387482,-0.11662559509277344,0.0,0.0,0.0,0.0
2019-07-30,0.0,0.0,0.0,0.0,0.0,0.0,0.0,0.0,0.0,0.0,0.0,-0.09794373171670097,0.0,0.0,0.0,0.0,0.0,0.24085094779729843,-0.360079030195872,0.0,0.0,0.0,0.8690768480300903,0.0,-0.5451684485782277,0.11253095131654006,0.0,0.0,0.0
2019-07-31,0.0,0.0,-0.34024736285209656,0.0,0.0,0.0,-0.8498055934906006,0.0,0.0,0.0,0.0,0.0,0.0,0.0,0.0,0.0,0.0,0.0,0.0,0.0,0.0,0.0,-0.48669199645519257,0.0,0.44264930486679077,0.4463197886943817,0.0,0.0,-0.3621081471443176
2019-08-01,0.0,0.0,0.8142340183258057,0.0,0.0,-0.9703632593154907,0.0,0.0,0.0,0.0,0.0,-0.91041100025177,0.0,0.0,0.0,0.0,0.0,0.0,0.0,-0.9703632593154907,0.0,0.0,0.00030809640884399414,0.0,-0.09355694055557251,0.0,0.0,0.9352916777133942,-0.3066561420758565
2019-08-02,0.0,0.8967104554176331,0.0,0.0,0.0,0.0,0.0,0.26516324281692505,0.0,-0.37763169407844543,0.0,0.0,0.0,0.0,0.0,0.0,0.0,0.0,0.0,-0.9714293479919434,0.0,0.0,0.0,0.0,0.0,0.9396948218345642,0.0,0.0,-0.13409478068351746
2019-08-03,0.0,0.0,0.0,0.0,0.0,0.0,0.0,0.0,0.0,0.0,0.0,0.0,0.0,0.0,0.0,0.0,0.0,0.0,0.0,0.0,0.0,0.0,0.0,0.0,0.0,0.0,0.0,0.0,0.0
2019-08-05,0.0,0.8295984268188477,0.0,0.0,0.0,-0.4855601489543915,0.9354797601699829,-0.9676623940467834,0.0,0.0,0.0,-0.9716500043869019,0.0,0.0,0.0,0.0,0.0,0.30732200543085736,0.0,-0.971120297908783,0.0,0.0,-0.9676406979560852,0.0,-0.9456862956285477,0.0,0.0,0.0,-0.855158656835556
2019-08-06,0.0,0.0,0.0,0.0,0.0,0.0,0.0,0.0,0.0,0.3371829390525818,0.0,0.0,0.0,0.0,0.0,0.0,0.5223298072814941,0.9201391935348511,0.0,0.0,0.0,0.0,0.0,0.5223298072814941,0.6532672643661499,0.5223298072814941,0.0,0.0,0.0
2019-08-07,0.0,-0.959213376045227,0.0,0.0,0.0,-0.9634488224983215,-0.48636507987976074,0.0,0.0,0.0,0.0,0.36738014221191406,0.0,-0.9727301597595215,0.0,0.0,0.0,0.0,0.0,-0.9634488224983215,0.0,0.0,0.0,0.0,-0.9650327563285828,0.0,0.0,0.0,-0.9736313223838806
2019-08-08,0.0,0.0,0.6028224229812622,0.0,0.0,0.916560173034668,-0.612091581026713,0.9519413113594055,0.0,0.0,0.0,0.7763333717981974,0.0,0.0,0.0,0.0,0.0,0.8103596270084381,0.0,0.916560173034668,0.0,0.6028224229812622,0.9338998794555664,0.0,0.0,0.0,0.0,0.0,0.0029141902923583984
2019-08-09,0.0,0.0,0.0,0.0,0.0,-0.972260057926178,0.0,0.0,0.0,0.0,0.0,0.0,0.0,-0.486130028963089,0.0,0.0,0.0,-0.4373655319213867,0.0,0.0,0.0,0.0,-0.48420581221580505,0.0,0.0,0.0,0.0,0.0,0.0
2019-08-10,0.0,0.0,0.0,0.0,0.0,0.0,0.0,0.0,0.0,0.0,0.0,0.0,0.0,0.0,0.0,0.0,0.0,0.0,0.0,0.0,0.0,0.0,0.0,0.0,0.0,0.0,0.0,0.0,0.0
2019-08-11,0.0,0.0,0.0,0.0,0.0,0.0,0.0,0.0,0.0,0.0,0.0,-0.5970073938369751,0.0,0.0,0.0,0.0,0.0,0.0,0.0,0.0,0.0,0.0,0.0,0.0,0.0,0.0,0.0,0.0,0.0
2019-08-12,0.0,0.0,0.0,0.0,0.0,-0.9718117117881775,0.0,-0.48664095997810364,0.0,0.0,0.0,0.0,0.0,0.0,0.4997117519378662,0.0,0.0,0.0,0.0,-0.9708018898963928,0.0,0.0,-0.38749080896377563,0.0,-0.947796642780304,0.0,0.0,0.0,-0.9596903324127197
2019-08-13,0.0,0.0,0.0,0.0,0.0,0.8181240558624268,0.7118887454271317,0.45701626539230344,0.0,0.946412205696106,0.0,-0.220537930727005,0.0,0.0,0.9383279383182526,0.0,0.0,0.9189802706241608,-0.174981156984965,0.8181240558624268,0.0,0.22903355360031127,0.8859086632728577,0.0,0.0,0.0,0.0,0.9259809851646423,0.0
2019-08-14,0.0,0.0,0.0,0.0,-0.9720833897590637,-0.9720833897590637,0.0,-0.9736263751983643,0.0,0.0,0.0,0.0,0.0,0.919029176235199,0.0,0.0,0.0,-0.9736018180847168,0.0,-0.9720833897590637,0.0,0.0,-0.9062643349170685,0.0,0.0,0.0,0.0,0.0,-0.9717851877212524
2019-08-15,0.0,0.0,0.0,0.0,0.0,-0.19420741001764932,-0.2656547725200653,-0.1326015591621399,0.0,0.0,0.0,0.0,0.0,0.0,0.0,0.0,0.0,0.0,0.0,0.0,0.0,0.0,0.27584847807884216,0.0,0.0,0.0,0.0,0.0,0.0
2019-08-16,0.0,0.880194753408432,0.0,0.0,0.5789401531219482,0.9485427141189575,0.0,0.9195582866668701,0.0,0.0,0.0,0.46533772349357605,0.0,0.0,0.0,0.0,0.0,0.0,-0.4303167760372162,0.9485427141189575,0.0,-0.271811306476593,0.3761240664650412,0.0,0.8992206454277039,0.0,0.0,0.0,0.08325953781604767
2019-08-17,0.0,0.0,0.0,0.0,0.0,0.0,0.0,0.0,0.0,0.0,0.0,0.0,0.0,0.0,0.0,0.0,0.0,0.0,0.0,0.0,0.0,0.0,0.0,0.0,0.0,0.0,0.0,0.0,0.0
2019-08-19,0.0,0.0,0.46876391768455505,0.0,0.0,0.9396461248397827,0.0,0.0,0.0,0.0,0.0,-0.0057438969612121586,0.0,0.0,0.0,0.0,0.0,0.0,0.0,0.0,0.0,0.0,0.23625393211841583,0.0,0.9457775354385376,0.0,0.0,0.0,0.254732221364975
2019-08-20,0.0,0.6736681461334229,0.0,0.0,0.0,-0.47883811593055725,0.0,0.07901626825332642,0.0,0.0,0.0,0.8513147830963135,0.0,-0.00817402509542612,0.0,0.0,0.0,0.0,0.0,0.0,0.0,0.0,0.32216304540634155,0.0,0.0,0.0,0.0,0.0,0.0
2019-08-21,0.0,0.0,0.0,0.0,0.0,0.0,0.0,0.0,0.0,0.0,0.0,0.0,0.0,0.4407715956370036,0.0,0.0,0.0,0.0,0.0,0.0,0.0,0.0,0.6307424505551656,0.0,0.8975311517715454,0.0,0.0,0.0,-0.0017076253890991211
2019-08-22,0.0,0.0,0.0,0.0,0.0,0.0,0.0,0.14849903186162314,0.0,0.0,0.0,-0.01604454517364502,0.0,0.6046422123908997,0.2726364731788635,0.0,0.0,0.0,0.0,0.0,0.0,0.0,0.0,0.0,0.4989304741223653,0.0,0.0,0.459670752286911,0.7638546824455261
2019-08-23,0.0,0.0,0.0,0.0,-0.9672625660896301,0.0,-0.9683665633201599,0.609572377204895,0.0,0.0,0.0,-0.9709863066673279,0.0,0.0,0.0,0.0,0.0,0.7667058110237122,0.0,0.0,0.0,-0.018247202038764954,-0.8025155266125997,0.0,0.0,0.0,0.0,0.0,0.0
2019-08-24,0.0,0.0,0.0,0.0,0.0,0.0,0.0,0.0,0.0,0.0,0.0,0.0,0.0,0.0,0.0,0.0,0.0,0.0,0.0,0.0,0.0,0.0,0.0,0.0,0.0,0.0,0.0,0.0,0.0
2019-08-26,0.0,0.0,0.0,0.0,0.0,0.0,0.0,0.9318050742149353,0.0,0.0,0.0,0.41097240149974823,0.0,0.0,-0.6121943891048431,0.0,0.0,0.932864248752594,0.0,0.0,0.0,0.0,0.9267502427101135,0.0,0.0,0.0,0.0,0.3017079432805379,-0.45883482694625854
2019-08-27,0.0,0.0,0.0,0.0,0.0,0.0,0.8685499429702759,0.0,0.0,0.0,0.0,-0.3146243840456009,0.0,0.8829888701438904,0.1695152240640977,0.0,0.0,0.0,0.0,0.0,0.0,0.0,0.0,0.0,0.6188735216856003,0.0,0.0,-0.5890347957611084,-0.9518556594848633
2019-08-28,0.0,0.0,0.0,0.0,0.0,-0.855556309223175,-0.9351032376289368,-0.9740082621574402,0.0,0.0,0.0,-0.6100058754285177,0.0,0.0,0.2744741439819336,0.0,0.0,0.0,0.0,0.0,0.0,0.0,0.0,0.0,-0.28454503417015076,0.0,0.0,0.0,0.8935292363166809
2019-08-29,0.0,0.46635428071022034,0.0,0.0,0.0,-0.6196042597293854,0.4273271858692169,0.0,0.0,0.0,0.0,-0.8940233588218689,0.0,-0.17952672640482584,0.42580029368400574,0.0,0.0,0.0,0.0,0.0,0.0,0.0,0.4584771990776062,0.0,0.7614652514457703,-0.5785346627235413,0.0,0.0,0.9150401949882507
2019-08-30,0.0,0.0,0.0,0.0,0.0,0.0,0.9058210849761963,0.0,0.0,0.0,0.0,0.0,0.0,0.0,0.0,0.0,0.0,0.0,0.0,0.0,0.0,0.0,0.9408848881721497,0.0,0.0,0.0,0.0,0.0,0.0
2019-08-31,0.0,0.0,0.0,0.0,0.0,0.0,0.0,0.0,0.0,0.0,0.0,0.0,0.0,0.0,0.0,0.0,0.0,0.0,0.0,0.0,0.0,0.0,0.0,0.0,0.0,0.0,0.0,0.0,0.0
2019-09-01,0.0,0.0,0.0,0.0,0.0,0.0,0.0,0.0,0.0,0.0,0.0,0.0,0.0,0.0,0.0,0.0,0.0,0.0,0.0,0.0,0.0,0.0,0.0,0.0,0.0,0.0,0.0,0.0,0.0
2019-09-02,0.0,0.0,0.0,0.0,0.0,0.0,0.0,0.0,0.0,0.0,0.0,0.0,0.0,0.0,0.0,0.0,0.0,0.0,0.0,0.0,0.0,0.0,0.0,0.0,0.0,0.0,0.0,0.0,0.0
2019-09-03,0.0,0.0,0.8827856481075287,0.0,0.0,-0.4852456748485565,-0.9759218096733093,0.0,0.0,0.0,0.0,0.0,0.0,-0.7345404326915741,-0.9631557464599609,0.0,-0.5601029396057129,0.0,0.0,0.0,0.0,-0.13269385695457458,-0.3238209883371989,0.0,0.0,0.0,0.0,0.0,0.7621771693229675
2019-09-04,0.0,0.8742177188396454,0.4328940510749817,0.0,0.6987333297729492,0.0,0.9112327098846436,0.0,0.0,0.0,0.0,-0.21804850300153097,0.0,0.0,0.9282439351081848,0.0,0.0,0.0,0.0,0.0,0.0,0.0,-0.3757067620754242,0.0,0.0,0.0,0.0,0.88534215092659,0.9031689763069153
2019-09-05,0.0,0.0,-0.9728915095329285,0.0,0.926276445388794,0.926276445388794,0.45695502559343976,0.0,0.0,0.0,0.0,0.376448854804039,0.0,0.0,0.0,0.0,0.0,0.0,0.0,0.926276445388794,0.0,0.0,-0.012886623541514078,0.0,0.0,0.0,0.0,0.0,0.4754548668861389
2019-09-06,0.0,0.0,0.0,0.0,0.0,-0.34946558872858685,0.0,0.0,0.0,0.0,0.0,-0.20175449550151825,0.0,-0.8412154316902161,0.0,0.0,0.0,0.0,0.0,0.0,0.0,0.810263454914093,0.0,0.7384445667266846,0.0,0.0,0.0,0.0,0.0
2019-09-07,0.0,0.0,0.0,0.0,0.0,0.0,0.0,0.0,0.0,0.0,0.0,0.0,0.0,0.0,0.0,0.0,0.0,0.0,0.0,0.0,0.0,0.0,0.0,0.0,0.0,0.0,0.0,0.0,0.0
2019-09-08,0.0,0.0,0.0,0.0,0.0,0.0,0.0,0.0,0.0,0.0,0.0,0.0,0.0,0.0,0.0,0.0,0.0,0.0,0.0,0.0,0.0,0.0,0.0,0.0,0.0,0.0,0.0,0.0,0.0
2019-09-09,0.0,0.0,-0.9746171832084656,0.0,0.0,0.47059664130210876,-0.23617596924304962,0.0,0.0,0.6385261416435242,0.0,-0.13048743350165232,0.0,0.0,0.9138599038124084,0.0,0.0,0.0389548142751058,-0.7759979963302612,0.9411932826042175,0.0,0.0,0.0,0.0,0.5525496602058411,0.0,0.0,0.0,0.0
2019-09-10,0.0,0.0,-0.9751520752906799,0.0,-0.9643186330795288,-0.8660303354263306,0.9424480199813843,0.0,0.0,0.0,0.0,0.29391735792160034,0.0,0.0,0.0,0.0,0.0,-0.18999823927879333,-0.6405239105224609,0.0,0.0,0.0,0.0,0.0,-0.968090295791626,0.0,0.0,0.0,0.5897961258888245
2019-09-11,0.0,0.0,0.0,0.0,0.0,0.0,0.0,0.9487163424491882,0.0,0.0,0.0,0.0,0.0,0.0,0.01841723918914795,0.0,0.0,0.0,0.0,0.1051438848177592,0.0,0.0,0.9442262649536133,0.899143636226654,0.0,0.0,0.0,0.0,0.0
2019-09-12,0.0,0.8150953203439713,-0.9719180464744568,0.0,0.0,0.0,-0.7529917997973306,0.0,0.0,0.0,0.0,-0.2028051813443502,0.0,0.0,0.0,0.0,0.0,0.0,0.0,0.0,0.0,0.0,0.0,0.0,0.0,0.0,0.0,0.0,0.0
2019-09-13,0.0,0.0,0.0,0.0,0.0,-0.9597052335739136,0.9411817789077759,0.0,0.0,0.0,0.0,0.0,0.0,0.33387258648872375,0.0,0.0,0.0,0.0,0.0,0.823968231678009,0.0,0.0,0.0,0.0,0.0,0.0,0.0,-0.473422646522522,0.0
2019-09-14,0.0,0.0,0.0,0.0,0.0,0.0,0.0,0.0,0.0,0.0,0.0,0.0,0.0,0.0,-0.9591580033302307,0.0,0.0,0.0,0.0,0.0,0.0,0.0,0.0,0.0,0.0,0.0,0.0,0.0,0.0
2019-09-15,0.0,0.0,0.0,0.0,0.0,0.0,0.0,0.0,0.0,0.0,0.0,0.0,0.0,0.0,0.944903552532196,0.0,0.0,0.0,0.0,0.0,0.0,0.0,0.0,0.0,0.0,0.0,0.0,0.0,0.0
2019-09-16,0.0,0.0,0.0,0.0,0.0,0.0,0.0,0.0,0.0,0.0,0.0,0.0,0.0,0.0,0.0,0.0,0.0,-0.7064110040664673,0.0,0.0,0.0,0.0,0.0,0.0,0.0,0.0,0.0,0.0,-0.5418433944384257
2019-09-17,0.0,0.0,0.0,0.0,0.0,0.011938432852427164,0.0,0.8634670376777649,0.0,0.0,0.0,0.0,0.0,-0.6560947299003601,0.0,0.0,0.0,0.0,0.0,0.0,0.0,0.0,0.0,0.0,0.0,0.0,0.0,0.0,-0.9572083353996277
2019-09-18,0.0,0.0,0.0,0.0,-0.9666027426719666,0.0,0.0,0.0,0.0,0.0,0.0,0.0,0.0,0.37453359365463257,0.0,0.0,0.0,0.0,0.0,0.0,0.0,0.0,0.0,0.0,0.0,0.0,0.0,0.0,0.0
2019-09-19,0.0,0.0,0.8792718946933746,0.0,0.0,0.0,0.0,0.0,0.0,0.0,0.0,0.0,0.0,0.0,0.0,0.0,0.0,0.0,0.839745283126831,0.0,0.0,0.0,-0.844711422920227,0.0,0.0,0.0,0.0,0.0,-0.4706032872200012
2019-09-20,0.0,0.8068634271621704,0.0,0.0,0.0,0.0,0.0,0.0,0.0,0.0,0.0,0.7793230414390564,0.0,0.0,0.8760440349578857,0.0,0.0,0.8501231074333191,0.0,0.0,0.0,0.0,0.0,0.0,0.9485368132591248,0.0,0.0,0.0,0.0
2019-09-22,0.0,0.0,0.0,0.0,0.0,0.0,0.0,0.0,0.0,0.0,0.0,0.0,0.0,0.0,0.0,0.0,0.0,0.0,0.0,0.0,0.0,0.0,0.0,0.0,0.0,0.0,0.0,0.0,0.0
2019-09-23,0.0,0.0,0.0,0.0,0.41438084840774536,0.0,0.0,-0.4551558494567871,0.0,0.0,0.0,0.0,0.0,0.0,0.0,0.0,0.0,0.0,0.0,0.0,0.0,0.0,0.7058693170547485,0.0,0.0,0.0,0.0,0.0,-0.9333814382553101
2019-09-24,0.0,0.0,0.0,0.0,0.0,-0.9707512259483337,0.10373300313949585,-0.07276299595832825,0.0,0.0,0.0,-0.2033591071764628,0.0,0.0,0.0,0.0,0.0,0.0,0.2752096652984619,-0.9707512259483337,0.0,-0.4836391508579254,-0.4848865866661072,-0.08026817440986633,0.7307308912277222,0.0,0.0,-0.967298150062561,0.0
2019-09-25,0.0,0.0,0.0,0.0,0.0,0.0,0.0,-0.9669564366340637,0.0,0.8000092506408691,0.0,0.0,0.0,0.4613109827041626,0.0,0.0,0.0,0.0,0.0,0.0,0.0,0.0,0.9542284607887268,0.0,0.0,0.0,0.0,0.0,0.0
2019-09-26,0.0,0.4758927822113037,0.0,0.0,0.0,0.0,0.9147656559944153,-0.9248353242874146,0.0,0.0,0.0,0.0,0.0,0.0,0.9148348569869995,0.0,0.0,0.0,0.2741443142294884,0.0,0.0,0.0,0.0,0.0,0.0,0.0,0.0,-0.810616172850132,0.0
2019-09-27,0.0,0.6963753700256348,-0.9690630435943604,0.0,0.0,0.0,0.0,-0.9702302813529968,0.0,0.0,0.0,0.0,0.0,0.0,-0.4931744933128357,0.0,0.0,0.0,0.0,0.0,0.0,0.0,-0.9709048271179199,0.0,-0.10357578595479329,0.0,0.0,0.0,0.0
2019-09-28,0.0,0.0,0.0,0.0,0.0,0.0,0.0,0.0,0.0,0.0,0.0,0.0,0.0,0.0,0.0,0.0,0.0,0.0,0.0,0.0,0.0,0.0,0.0,0.0,0.0,0.0,0.0,0.0,0.0
2019-09-29,0.0,0.0,0.0,0.0,0.0,0.0,0.0,0.0,0.0,0.0,0.0,-0.7494763731956482,0.0,0.0,0.0,0.0,0.0,0.0,0.0,0.0,0.0,0.0,0.0,0.0,0.0,0.0,0.0,0.0,0.0
2019-09-30,0.0,0.0,0.0,0.0,0.0,0.0,0.0,0.0,0.0,0.0,0.0,0.0,0.0,0.0,0.05570004383722941,0.0,0.0,0.0,0.0,0.0,0.0,0.0,0.0,0.0,0.0,0.0,0.0,-0.42726072669029236,0.0
2019-10-01,0.0,-0.9640845060348511,0.0,0.0,0.0,-0.6442790428797404,-0.9705049395561218,0.0,0.0,0.0,0.0,0.0,0.0,0.0,0.7104296684265137,0.0,-0.32303911447525024,0.0,-0.6482948462168375,-0.9709680080413818,0.0,0.0,0.827102541923523,0.0,0.0,0.0,0.0,0.0,-0.9704115390777588
2019-10-02,0.0,0.0,0.0,0.0,-0.9693566560745239,-0.9693566560745239,-0.4839865565299988,0.42673803865909576,0.0,0.0,0.0,-0.033946645259857175,0.0,0.0,0.21569719314575195,0.0,-0.974726140499115,-0.1401444375514984,0.0,-0.48467832803726196,0.0,0.0,-0.9701827168464661,0.0,0.0,0.0,0.0,0.0,-0.7068984359502792
2019-10-03,0.0,0.0,0.0,0.0,0.0,0.0,0.0,0.457211971282959,0.0,0.0,0.0,0.0,0.0,0.0,0.9398543238639832,0.0,0.0,0.46891242265701294,0.0,0.0,0.0,0.0,0.9301744401454926,0.08883687257766723,0.0,0.0,0.0,0.0,0.0
2019-10-04,0.0,0.0,0.0,0.0,0.0,0.6524569392204285,0.0,0.8917659521102905,0.0,0.0,0.0,0.0,0.0,-0.9662952423095703,0.5620994567871094,0.0,0.0,0.0,0.0,0.0,0.0,0.0,0.0,0.18501166786466325,0.0,0.0,0.0,0.0,-0.393677294254303
2019-10-06,0.0,0.0,0.0,0.0,0.0,0.0,0.0,0.0,0.0,0.0,0.0,0.0,0.0,0.0,0.0,0.0,0.0,0.0,0.0,0.0,0.0,0.0,0.0,0.0,0.0,0.0,0.0,0.0,0.0
2019-10-07,0.0,0.0,0.0,0.0,0.0,0.0,0.0,0.0,0.0,0.0,0.0,0.0,0.0,0.0,0.0,0.0,0.0,0.0,0.0,0.0,0.0,0.0,0.2816697537899017,0.0,0.8392748236656189,0.0,0.0,0.0,-0.20031441748142242
2019-10-08,0.0,0.0,0.0,0.0,0.0,-0.3179812431335449,0.0,-0.03874476750691732,0.0,0.0,0.0,0.0,0.0,-0.45944997668266296,0.0,0.0,0.0,-0.31311506032943726,0.0,-0.9539437294006348,0.0,0.0,-0.4806198477745056,0.0,0.0,0.9048594236373901,0.0,0.0,-0.48246803879737854
2019-10-09,0.0,0.0,0.0,0.0,0.0,0.0,0.7023834139108658,0.0,0.0,0.0,0.0,0.0,0.0,0.0,0.18427932262420654,0.0,0.0,0.0,0.0,0.0,0.0,0.7992831468582153,0.0964052826166153,0.0,0.0,0.0,0.0,0.0,0.0
2019-10-10,0.0,0.0,0.0,0.0,0.0,0.8165279626846313,0.9449469447135925,0.0,0.0,0.0,0.0,-0.9152295589447021,0.0,0.0,0.0,0.0,0.0,0.9188171029090881,0.0,0.09746383130550385,0.0,0.0,0.9482881426811218,0.0,0.0,0.0,0.0,0.0,0.7245388031005859
2019-10-11,0.0,0.0,0.0,0.0,0.0,0.43919745087623596,0.05910722414652506,0.9135175943374634,0.0,0.0,0.0,0.0,0.0,0.0,0.2592292666435242,0.0,0.0,0.46404656767845154,0.0,0.8783949017524719,0.0,0.0,0.8479928374290466,0.0,0.0,0.0,0.0,0.0,0.47581326961517334
2019-10-12,0.0,0.0,0.0,0.0,0.0,0.0,0.0,0.0,0.0,0.0,0.0,0.0,0.0,0.0,0.0,0.0,0.0,0.9516170620918274,0.0,0.0,0.0,0.0,0.0,0.0,0.9511603116989136,0.0,0.0,0.0,0.0
2019-10-13,0.0,0.0,0.0,0.0,0.0,0.0,0.0,0.0,0.0,0.0,0.0,0.0,0.0,0.0,0.0,0.0,0.0,0.0,0.0,0.0,0.0,0.0,0.0,0.0,0.0,0.0,0.0,0.0,0.0
2019-10-14,0.0,0.7352964878082275,0.0,0.0,0.0,0.0,0.0,0.0,0.0,0.6258702874183655,0.0,0.873855471611023,0.0,0.0,-0.2473339637120565,0.0,0.0,0.0,-0.6818211376667023,0.0,0.0,0.9169758558273315,0.3966580629348755,0.0,0.9318838715553284,0.0,0.0,0.0,0.0
2019-10-15,0.0,0.0,0.0,0.0,0.0,0.8226563930511475,0.020840108394622803,0.0,0.0,0.0,0.0,0.20047888159751892,0.0,0.0,0.5309396811894008,0.0,0.0,0.0,-0.5369069576263428,0.9043195247650146,0.0,0.0,0.6415408509118217,0.0,0.0,-0.9696061611175537,0.0,0.23784957991706002,0.0
2019-10-16,0.0,0.0,0.0,0.0,0.0,0.054496148601174355,0.0,-0.9267815053462982,0.0,0.0,0.0,-0.3671930730342865,0.0,0.0,-0.03415683599618765,0.0,0.0,-0.6088379422823588,0.0,0.0,0.0,0.0,0.0,0.0,0.0,0.0,0.0,-0.18164119720458985,0.0
2019-10-17,0.0,0.0,0.0,0.0,0.0,0.31000439325968426,0.0,0.0,0.0,0.7833255529403687,0.0,0.19496832291285196,0.0,0.0,0.07803092400232951,0.0,0.0,0.0,0.0,0.4204092800617218,0.0,0.9159917235374451,-0.4397917091846466,0.0,0.3190149664878845,0.0,0.0,0.5181715885798136,0.0
2019-10-18,0.0,0.0,0.0,0.0,0.34133707483609516,0.3141493598620097,-0.3084056292261396,-0.10470840334892273,0.0,0.0,0.0,0.0,0.0,0.0,-0.29882752895355225,0.0,0.1844517035143716,0.8111611008644104,0.0,0.942448079586029,0.0,0.0,0.0,0.0,0.0,0.0,0.0,0.36954489946365354,0.0
2019-10-19,0.0,0.0,0.0,0.0,0.0,0.0,0.0,0.0,0.0,0.0,0.0,0.0,0.0,0.0,0.0,0.0,0.0,0.0,0.0,0.0,0.0,0.0,0.0,0.0,0.0,0.0,0.0,0.0,0.0
2019-10-20,0.0,0.0,0.0,0.0,0.0,0.0,0.0,0.0,0.0,0.0,0.0,0.0,0.0,0.0,0.0,0.0,0.0,0.0,0.0,0.0,0.0,0.0,0.0,0.0,0.0,0.0,0.0,0.0,0.0
2019-10-21,0.0,0.0,0.0,0.0,0.8334084153175354,0.8005314767360687,0.0,0.47488337755203247,0.0,0.0,0.0,0.0,0.0,0.0,0.052560174465179445,0.0,0.5617986917495728,0.0,0.0,0.4772157371044159,0.0,0.46758732199668884,-0.33023232221603394,0.0,0.8442663550376892,0.0,0.0,0.0,0.0
2019-10-22,0.0,0.0,0.0,0.0,0.0,0.25987452268600464,0.9230799078941345,0.0,0.0,0.0,0.0,0.5666415492693583,0.0,0.0,0.9230799078941345,0.0,0.0,0.9230799078941345,0.26680757403373717,0.0,0.0,0.14852279424667358,0.5945923924446106,0.0,0.0,0.49948616538728985,0.0,0.9376898407936096,0.0
2019-10-23,0.0,0.0,0.0,0.0,0.0,0.33007192611694336,-0.319500276020595,0.28699227174123126,0.0,0.0,0.0,-0.27902905146280926,0.0,0.0,0.3602486401796341,0.0,0.8962024251619974,-0.22803513871298897,-0.2825098122869219,-0.39789965748786926,0.0,0.9272294640541077,-0.9723096489906311,0.0,0.0,0.5034340739250183,0.0,0.0,0.0
2019-10-24,0.0,0.0,0.0,0.0,0.888231635093689,0.0,0.43691945672035215,0.9464024901390076,0.0,0.0,0.0,0.0,0.0,0.0,-0.48193691670894623,0.0,0.0,0.0,-0.8404945731163025,0.0,0.0,0.0,0.929230123758316,0.0,0.0,0.0,0.0,0.0,-0.6539738476276398
2019-10-25,0.0,0.0,-0.971221387386322,0.0,0.0,0.0,0.4763372242450714,0.0,0.0,0.0,0.0,-0.07496882975101471,0.0,0.0,-0.7561895251274109,0.0,0.0,0.0,0.0,0.0,0.0,0.0,0.9462972283363342,0.0,0.0,0.0,0.0,0.0,0.0
2019-10-26,0.0,0.0,0.0,0.0,0.0,0.0,0.0,0.0,0.0,0.0,0.0,0.0,0.0,0.0,0.0,0.0,0.0,0.0,0.0,0.0,0.0,0.0,0.0,0.0,0.0,0.0,0.0,0.0,0.0
2019-10-27,0.0,0.0,0.0,0.0,0.0,0.0,0.0,0.0,0.0,0.0,0.0,0.0,0.0,0.0,0.0,0.0,0.0,0.0,0.0,0.0,0.0,0.0,0.0,0.0,0.0,0.0,0.0,0.0,0.0
2019-10-28,0.0,0.0,-0.971221387386322,0.0,0.0,0.0,0.0,0.9543887972831726,0.0,0.0,0.0,-0.08004914797269382,0.0,0.0,0.0,0.0,0.0,0.8873839974403381,0.0,0.0,0.0,0.39047810435295105,0.2379991114139557,0.4713495671749115,0.3074006835619609,0.0,0.0,0.0,0.0
2019-10-29,0.0,0.0,0.950211226940155,0.0,0.9062199592590332,0.0,0.9124108552932739,0.0,0.0,0.0,0.0,0.2648804621262984,0.0,0.0,-0.2180348208972386,0.0,0.0,0.0,0.0,0.7087742686271667,0.0,0.0,0.0,0.0,0.4659055521090825,0.0,0.0,0.0,0.0
2019-10-30,0.0,0.0,0.0,0.0,0.0,0.9435276389122009,-0.2870115041732788,0.0,0.0,0.0,0.0,0.0,0.0,0.0,0.27535179257392883,0.0,0.0,0.0,0.0,0.0,0.0,0.0,0.3760147988796234,0.0,0.0,0.0,0.0,0.0,0.0
2019-10-31,0.0,0.7341681122779846,-0.5384597182273865,0.0,0.0,-0.486025869846344,-0.016267836093902588,0.0,0.0,0.0,0.0,0.09306392073631287,0.0,0.0,-0.9687429666519165,0.0,0.0,0.0,0.4478834867477417,-0.972315788269043,0.0,0.0,0.0,0.0,0.657042384147644,0.0,0.0,0.0,-0.38087987899780273
2019-11-01,0.0,0.7103803356488546,0.7294971346855164,0.0,0.0,0.0,0.0,0.0,0.0,0.0,0.0,0.0,0.0,0.0,0.0,0.0,-0.9154403209686279,0.0,0.0,0.0,0.0,0.0,0.0,0.0,0.0,0.0,0.0,0.0,0.19832005351781845
2019-11-02,0.0,0.0,0.0,0.0,0.0,0.0,0.0,0.0,0.0,0.0,0.0,0.0,0.0,0.0,0.0,0.0,0.0,0.0,0.0,0.0,0.0,0.0,0.0,0.0,0.0,0.0,0.0,0.0,0.0
2019-11-03,0.0,0.0,0.0,0.0,0.0,0.0,0.0,0.0,0.0,0.0,0.0,0.0,0.0,0.0,0.0,0.0,0.0,0.0,-0.6900887489318848,0.0,0.0,0.0,0.0,0.0,0.0,0.0,0.0,0.0,0.0
2019-11-04,0.0,0.0,0.0,0.0,0.0,0.6104867855707804,-0.6432602206865946,0.0,0.0,0.0,0.0,0.0,0.0,0.0,-0.8698877692222595,0.0,0.0,0.0,-0.05721167833716781,0.3092995285987854,0.0,0.0,0.0,0.0,0.0,-0.8947943150997162,0.0,0.0,0.7953507701555887
2019-11-05,0.0,0.0,-0.9694504141807556,0.0,0.0,0.23208630084991455,0.4641726016998291,0.0,0.0,0.0,0.0,0.01629418134689331,0.0,0.6717463582754135,0.0,0.0,0.0,0.0,0.0,0.26554134488105774,0.0,0.0,0.0,0.0,0.0,0.0,0.0,0.0,0.9074551463127136
2019-11-06,0.0,0.0,0.0,0.0,0.0,0.3535667359828949,0.7988318800926208,0.0,0.0,0.0,0.0,-0.2581065495808919,0.0,0.44355255365371704,0.0,0.0,0.9487473964691162,0.5077548027038574,0.0,0.0,0.0,0.0,0.0,0.0,0.8761463761329651,0.0,0.0,0.0,0.7956332564353943
2019-11-07,0.0,0.0,0.0,0.0,0.0,0.4742332100868225,0.0,0.0,0.0,0.0,0.0,0.0,0.0,0.0,0.0,0.0,0.0,0.0,0.6853973269462585,0.948466420173645,0.0,-0.9437450170516968,-0.34146870374679567,0.0,0.0,0.0,0.0,0.0,0.9450669288635254
2019-11-08,0.0,0.3202144503593445,0.0,0.0,0.0,0.0,0.0,0.0,0.0,-0.07424625328608922,0.0,0.0,0.0,0.0,0.0,0.0,0.0,0.0,0.24865520000457764,-0.5849523544311523,0.0,0.0,0.0,0.0,0.0,0.0,0.0,0.0,-0.9369634985923767
2019-11-09,0.0,0.0,0.0,0.0,0.0,0.0,0.0,0.0,0.0,0.0,0.0,0.0,0.0,0.0,0.8727598190307617,0.0,0.0,0.0,0.0,0.0,0.0,0.0,0.0,0.0,0.0,0.0,0.0,0.0,0.0
2019-11-11,0.0,0.0,0.0,0.0,0.0,0.0,0.0,0.0,0.0,-0.43219542503356934,0.0,0.10778470834096272,0.0,-0.6821082532405853,0.0,0.0,0.0,0.0,0.0,0.0,0.0,0.0,0.8343217015266419,0.0,-0.9636844396591187,0.0,0.0,0.0,0.7537527084350586
2019-11-12,0.0,0.9435857534408569,0.0,0.0,0.0,0.0,0.0,0.0,0.0,0.0,0.0,0.448812872171402,0.0,0.0,-0.9437868595123291,0.0,0.0,0.7339729070663452,0.0,0.0,0.0,0.0,0.578613854944706,0.0,0.29862087965011597,0.0,0.0,0.0,-0.8135618567466736
2019-11-13,0.0,0.0,0.0,0.0,0.0,0.0,0.13339635729789734,0.0,0.0,0.0,0.0,0.004439502954483032,0.0,0.0,0.0,0.0,0.0,0.21891550719738007,-0.6460094451904297,0.0,0.0,0.0,0.0,0.0,-0.32300472259521484,0.0,0.0,0.0,-0.964557409286499
2019-11-14,0.0,0.0,0.0,0.0,0.0,0.0,0.0,0.46069443225860596,0.0,0.0,0.0,0.0,0.0,0.890518069267273,0.0,0.0,0.0,0.5485180616378784,0.0,-0.26191067695617676,0.0,0.0,0.16898657083511354,0.0,0.0,0.0,0.0,0.0,0.0
2019-11-15,0.0,0.0,0.0,0.0,0.0,0.0,0.0,0.0,0.0,0.0,0.0,0.31622058153152466,0.0,0.8992081582546234,0.03609768549601237,0.0,0.0,0.0,0.0,0.0,0.0,0.0,0.4872318429331626,0.0,0.0,0.0,0.0,0.9431266784667969,0.0
2019-11-16,0.0,0.0,0.0,0.0,0.0,0.0,0.0,0.0,0.0,0.0,0.0,0.0,0.0,0.0,0.0,0.0,0.0,0.0,0.0,0.0,0.0,0.0,0.0,0.0,0.0,0.0,0.0,0.0,0.0
2019-11-17,0.0,0.0,0.0,0.0,0.0,0.0,0.0,0.0,0.0,0.0,0.0,0.0,0.0,0.0,0.0,0.0,0.0,0.8309378027915955,0.0,0.0,0.0,0.0,0.0,0.0,0.0,0.0,0.0,0.0,0.0
2019-11-18,0.0,0.0,0.0,0.0,0.0,0.8940398693084717,0.0,-0.418580025434494,0.0,0.0,0.0,-0.19546016057332358,0.0,0.20739170908927917,0.0,0.0,-0.6992244720458984,0.0,0.0,0.0,0.0,0.0,0.5883679191271464,-0.6992244720458984,0.8765798807144165,0.0,0.0,0.7647077441215515,-0.9734265208244324
2019-11-19,0.0,0.6717779636383057,0.0,0.0,0.7988911867141724,0.0,0.0,0.0,0.0,-0.24253790080547333,0.0,0.0,0.0,-0.25395016778599133,0.8957103490829468,0.0,0.0,0.0,0.0,0.0,0.0,0.0,0.0,0.0,0.0,0.0,0.0,0.0,-0.9683139324188232
2019-11-20,0.0,0.7136332094669342,0.0,0.0,0.0,0.0,0.0,0.0,0.0,0.0,0.0,0.7189752459526062,0.0,0.15854375809431076,-0.29515597224235535,0.0,0.0,0.5727942585945129,0.0,0.0,0.0,0.0,0.47428372502326965,0.0,0.6460958123207092,0.0,0.0,0.0,0.0
2019-11-21,0.0,0.0,0.0,0.0,0.0,0.0,0.0,0.8907111287117004,0.0,-0.29613587260246277,0.0,0.29045037428538006,0.0,0.45007458329200745,0.0,0.0,0.0,0.0,0.0,0.0,0.0,0.0,0.9544935822486877,0.0,0.6239851315816244,0.0,0.0,0.0,0.0
2019-11-22,0.0,0.0,0.8232592344284058,0.0,0.0,0.0,0.0,0.0,0.0,0.2720531423886617,0.0,0.0,0.0,0.0,0.0,0.0,0.0,0.0,0.0,0.0,0.0,0.0,0.0,0.0,0.0,0.0,0.0,0.8915334939956665,0.0
2019-11-23,0.0,0.0,0.0,0.0,0.0,0.0,0.0,0.0,0.0,0.0,0.0,0.0,0.0,0.0,0.0,0.0,0.0,0.0,0.0,0.0,0.0,0.0,0.0,0.0,0.0,0.0,0.0,0.0,0.0
2019-11-25,0.0,0.0,0.0,0.0,0.0,0.0,0.0,0.0,0.0,0.0,0.0,-0.35714149475097656,0.0,-0.011789917945861816,0.0,0.0,0.0,0.0,0.0,0.5144820809364319,0.0,0.0,0.45464661717414856,0.0,0.8459935486316681,0.0,0.0,0.0,0.0
2019-11-26,0.0,0.0,0.0,0.0,0.0,0.0,0.0,0.0,0.0,0.0,0.0,-0.12099650502204895,0.0,-0.1922832727432251,-0.5223189473152161,0.0,0.0,0.0,-0.3145381510257721,0.0,0.0,0.3228176236152649,0.2739338278770447,0.0,0.9206605553627014,0.0,0.0,0.4021734595298767,0.0
2019-11-27,0.0,0.0,0.0,0.0,0.0,0.0,0.0,0.0,0.0,0.0,0.0,0.0,0.0,-0.7811222672462463,-0.4579533040523529,0.0,0.0,0.0,0.0,0.0,0.0,0.0,0.0,0.0,0.0,0.0,0.0,0.0,0.0
2019-11-29,0.0,0.0,0.0,0.0,0.0,0.0,0.0,0.0,0.0,0.0,0.0,0.0,0.0,-0.17229404052098593,-0.46545764803886414,0.0,0.0,0.0,0.0,-0.9143336415290833,0.0,0.0,0.0,0.0,0.0,0.0,0.0,0.0,0.0
2019-11-30,0.0,0.0,0.0,0.0,0.0,0.0,0.0,0.0,0.0,0.0,0.0,-0.7233973145484924,0.0,0.0,0.0,0.0,0.0,0.0,0.0,0.0,0.0,0.0,0.0,0.0,0.0,0.0,0.0,0.0,0.0
2019-12-01,0.0,0.0,0.0,0.0,0.0,0.0,0.0,0.0,0.0,0.0,0.0,0.0,0.0,0.0,0.0,0.0,0.0,0.0,0.0,0.0,0.0,0.0,0.0,0.0,0.0,0.0,0.0,0.0,0.0
2019-12-02,0.0,-0.8588416576385498,0.0,0.0,0.0,-0.45538508892059326,0.0,-0.360662055015564,0.0,0.0,0.0,-0.2963937520980835,0.0,0.0,-0.8588416576385498,0.0,0.0,-0.8848530650138855,0.0,0.0,0.0,0.0,-0.9725497364997864,0.8997296690940857,-0.9720678329467773,0.0,0.0,0.3015355666478475,0.0
2019-12-03,0.0,0.0,0.0,0.0,0.0,-0.783292829990387,-0.48408034443855286,-0.3229095431474539,0.0,0.0,0.0,-0.2559610605239868,0.0,0.0,0.0,0.0,0.0,0.0,-0.3398769199848175,-0.9687702655792236,0.0,0.0,-0.4484078486760457,0.0,0.0,0.0,0.0,0.16452980041503906,-0.9691058993339539
2019-12-04,0.0,0.0,0.0,0.0,0.0,0.0,0.0,0.3615483274826637,0.0,0.0,0.0,-0.03664347529411316,0.0,0.0,-0.48038485646247864,0.0,0.0,0.0,0.0,0.0,0.0,0.0,0.47108396887779236,0.0,0.0,0.0,0.0,0.7795887812972069,0.0
2019-12-05,0.0,0.0,0.0,0.0,0.0,-0.4806748628616333,0.0,0.0,0.0,0.0,0.0,-0.3633040487766266,0.0,0.0,0.9461758732795715,0.0,0.0,0.0,-0.4750022292137146,0.4273487329483032,0.0,0.0,0.0,0.0,0.8521556854248047,0.0,0.0,0.45688551664352417,0.0
2019-12-06,0.0,0.8499502539634705,0.0,0.0,0.0,0.0,0.0,0.0,0.0,0.0,0.0,0.23652394115924835,0.0,0.0,0.0,0.0,0.0,0.0,0.0,0.0,0.0,0.0,0.0,0.0,0.0,0.0,0.0,0.0,0.4638673663139343
2019-12-07,0.0,0.0,0.0,0.0,0.0,0.0,0.0,0.0,0.0,0.0,0.0,0.0,0.0,0.0,0.5507031281789144,0.0,0.0,0.0,0.0,0.0,0.0,0.0,0.0,0.0,0.0,0.0,0.0,0.0,0.0
2019-12-08,0.0,0.0,0.0,0.0,0.0,0.0,0.0,0.0,0.0,0.0,0.0,0.0,0.0,0.0,0.0,0.0,0.0,0.0,0.0,0.0,0.0,0.0,0.0,0.0,0.0,0.0,0.0,0.0,0.0
2019-12-09,0.0,0.0,0.0,0.0,0.0,0.0,0.0,0.0,0.0,0.0,0.0,-0.5931685964266459,0.0,0.0,0.26257218917210895,0.0,0.0,0.0,0.0,-0.9728735685348511,0.0,0.0,0.0,0.0,0.7007128596305847,0.0,0.0,-0.4819362163543701,0.0
2019-12-10,0.0,0.0,0.0,0.0,0.0,0.0,0.0,0.0,0.0,0.0,0.0,-0.12277261416117351,0.0,0.0,0.47714200615882874,0.0,0.0,0.0,-0.08091931683676583,0.0,0.0,0.0,0.24506664276123047,0.0,0.0,0.0,0.0,0.0,-0.159041961034139
2019-12-11,0.0,0.0,0.0,0.0,0.0,0.0,0.0,0.0,0.0,0.0,0.0,0.0,0.0,0.3120853106180827,0.0,0.0,0.0,0.8212404847145081,0.0,0.0,0.0,0.0,0.0,0.0,0.0,0.0,0.0,0.9087342619895935,0.0
2019-12-12,0.0,0.0,0.0,0.0,0.0,0.4757732152938843,-0.5756676395734152,0.0,0.0,0.0,0.0,0.0,0.0,-0.26733030722691464,0.0,0.0,0.269814928372701,0.0,0.0,-0.00506522258122762,0.0,0.0,0.45898956060409546,0.0,0.0,0.0,0.0,0.0,0.9013217985630035
2019-12-13,0.0,0.0,0.0,0.0,0.0,0.0,-0.5362030267715454,0.9013247489929199,0.0,0.0,0.0,-0.01388321320215861,0.0,-0.5362030267715454,0.0,0.0,0.5343056917190552,0.2994370460510254,0.0,-0.4136619567871094,0.0,0.8478274345397949,0.0,0.5343056917190552,0.4752749800682068,0.0,0.0,0.0,0.0
2019-12-14,0.0,0.0,0.0,0.0,0.0,0.0,0.0,0.0,0.0,0.0,0.0,0.0,0.0,0.0,0.0,0.0,0.0,0.0,0.0,0.0,0.0,0.0,0.0,0.0,0.0,0.0,0.0,0.0,0.0
2019-12-15,0.0,0.0,0.0,0.0,0.0,0.0,0.0,0.0,0.0,0.0,0.0,0.0,0.0,0.0,0.0,0.0,0.0,0.0,0.0,0.0,0.0,0.0,0.0,0.0,0.0,0.0,0.0,0.0,0.0
2019-12-16,0.0,0.0,0.0,0.0,0.0,0.25508079926172894,0.8059254288673401,0.0,0.0,0.0,0.0,0.45068228244781494,0.0,0.0,0.0,0.0,0.0,0.7347519993782043,0.0,-0.765733003616333,0.0,0.46872398257255554,0.0,-0.4579885482788086,0.832968071103096,0.0,0.0,0.5587908228238424,0.9481245875358582
2019-12-17,0.0,0.0,0.0,0.0,0.0,0.0,0.0,0.0,0.0,0.0,0.0,0.0,0.0,0.0,0.009517349302768707,0.0,0.0,0.0941224992275238,0.0,0.0,0.0,0.0,0.9217941761016846,0.0,0.0,0.0,0.0,0.0,0.0
2019-12-18,0.0,0.925163984298706,0.0,0.0,0.0,0.0,0.8219532370567322,-0.964603066444397,0.0,0.0,0.0,0.045344960689544675,0.0,0.0,0.0,0.0,0.7177238464355469,0.350324637360043,0.0,0.0,0.0,0.0,0.3660118778546651,0.0,0.9198374152183533,0.0,0.0,-0.08933478593826294,0.0
2019-12-19,0.0,0.0,0.47371286153793335,0.0,0.0,0.0,0.0,0.0,0.0,0.547828733921051,0.0,-0.41167545318603516,0.0,0.0,0.2886885603268941,0.0,0.0,0.0,0.17908985614776612,0.0,0.0,0.0,0.4761001765727997,0.0,-0.854304313659668,0.0,0.0,0.0,0.0
2019-12-20,0.0,0.0,0.0,0.0,0.0,0.0,0.8983386158943176,0.0,0.0,0.0,0.0,-0.9409738779067993,0.0,0.0,0.24128103256225586,0.0,0.0,0.0,0.0,0.0,0.0,0.0,0.5504354596138,0.0,0.0,0.0,0.0,0.4446907341480255,0.0
2019-12-21,0.0,0.0,0.0,0.0,0.0,0.0,0.0,0.0,0.0,0.0,0.0,0.0,0.0,0.0,0.0,0.0,0.0,0.0,0.0,0.0,0.0,0.0,0.0,0.0,0.0,0.0,0.0,0.0,0.0
2019-12-22,0.0,0.0,0.0,0.0,0.0,0.0,0.0,0.0,0.0,0.0,0.0,0.0,0.0,0.0,0.0,0.0,0.0,0.0,0.0,0.0,0.0,0.0,0.0,0.0,0.0,0.0,0.0,0.0,0.0
2019-12-23,0.0,0.0,0.0,0.0,0.0,0.0,0.9205567240715027,0.0,0.0,0.0,0.0,-0.07733902335166931,0.0,0.0,0.0,0.0,0.0,0.0,-0.5268822908401489,0.0,0.0,0.0,0.21520885825157166,0.0,0.6134312152862549,0.0,0.0,0.0,0.0
2019-12-24,0.0,0.0,0.0,0.0,0.0,0.9438397288322449,0.0,0.0,0.0,0.0,0.0,0.0,0.0,0.0,0.0,0.0,0.0,0.0,0.0,0.0,0.0,0.0,0.0,0.0,0.0,0.0,0.0,0.0,0.0
2019-12-25,0.0,0.0,0.0,0.0,0.0,0.0,0.0,0.0,0.0,0.0,0.0,0.0,0.0,0.0,0.0,0.0,0.0,0.0,0.0,0.0,0.0,0.0,0.0,0.0,0.0,0.0,0.0,0.0,0.0
2019-12-26,0.0,0.9261529445648193,0.0,0.0,0.0,0.0,0.0,0.0,0.0,0.0,0.0,0.1257327894369761,0.0,0.0,0.0,0.0,-0.39958634972572327,0.0,-0.9656585454940796,0.0,0.0,0.0,-0.9483873248100281,0.0,0.0,0.0,0.0,0.0,0.0
2019-12-27,0.0,0.0,0.0,0.0,0.0,0.0,0.0,0.0,0.0,0.0,0.0,-0.45696163177490234,0.0,0.0,0.0,0.0,0.0,0.0,-0.9282679557800293,-0.9631456732749939,0.0,0.0,0.0,0.0,0.0,0.0,0.0,0.0,0.0
2019-12-28,0.0,0.0,0.0,0.0,0.0,0.0,0.0,0.0,0.0,0.0,0.0,0.0,0.0,0.0,0.0,0.0,0.0,0.0,0.0,0.0,0.0,0.0,0.0,0.0,0.0,0.0,0.0,0.0,0.0
2019-12-29,0.0,0.0,0.0,0.0,0.0,0.0,0.0,0.0,0.0,0.0,0.0,0.0,0.0,0.0,0.0,0.0,0.0,0.0,0.0,0.0,0.0,0.0,0.0,0.0,0.0,0.0,0.0,0.0,0.0
2019-12-30,0.0,0.0,0.0,0.0,0.0,0.0,0.0,0.0,0.0,0.0,0.0,-0.20426642894744873,0.0,0.0,0.0,0.0,0.0,0.4676967740058899,-0.8723039627075195,0.0,0.0,0.0,0.0,0.0,0.0,0.0,0.0,-0.8723039627075195,0.0
2019-12-31,0.0,0.0,0.0,0.0,0.0,0.0,0.0,0.0,0.0,0.0,0.0,-0.3175821304321289,0.0,0.0,0.0,0.0,0.0,0.0,0.0,0.0,0.0,0.0,0.2251052459081014,0.0,0.9044773280620575,0.0,0.0,0.0,0.710693895816803
2020-01-01,0.0,0.0,0.0,0.0,0.0,0.0,0.0,0.0,0.0,0.0,0.0,0.0,0.0,0.0,0.0,0.0,0.0,0.0,0.0,0.0,0.0,0.0,0.0,0.0,0.0,0.0,0.0,0.0,0.0
2020-01-02,0.0,0.0,0.7167224287986755,0.0,0.0,0.0,0.0,0.0,0.0,0.0,0.0,0.2729124426841736,0.0,0.0,0.2075142115354538,0.0,0.0,0.0,0.0,0.0,0.0,0.0,0.0,0.0,0.8516658544540405,0.0,0.0,0.0,0.0
2020-01-03,0.0,0.0,0.0,0.0,0.0,-0.4187612980604172,0.3808724582195282,0.0,0.0,0.0,0.0,-0.48321006695429486,0.0,0.0,0.0,0.0,0.7617449164390564,0.0,0.7617449164390564,0.0,0.0,0.46765315532684326,0.0,0.0,0.0,0.0,0.0,0.0,0.1082482635974884
2020-01-05,0.0,0.0,0.0,0.0,0.0,0.0,0.0,0.0,0.0,0.0,0.0,0.0,0.0,0.0,0.0,0.0,0.0,0.0,0.0,0.0,0.0,0.0,0.0,0.0,0.0,0.0,0.0,0.0,-0.9380818009376526
2020-01-06,0.0,0.0,0.0,0.0,0.0,-0.47831881046295166,0.0,0.6274574398994446,0.0,0.0,0.0,0.9503302574157715,0.0,0.0,-0.7516129314899445,0.0,0.0,0.0,0.0,0.0,0.0,0.0,0.0,0.0,0.4017465114593506,0.0,0.0,0.0,0.0
2020-01-07,0.0,0.9332170486450195,0.0,0.0,0.0,0.0,0.0,0.0,0.0,0.0,0.0,-0.7611076831817627,0.0,0.2851209839185079,0.4856150945027669,0.0,0.0,0.0,-0.3796078860759735,0.0,0.0,0.0,0.0,0.0,0.8569759130477905,0.0,0.0,0.0,0.0
2020-01-08,0.0,0.0,0.0,0.0,0.0,0.0,0.0,0.0,0.0,0.0,0.0,0.0,0.0,0.0,0.0,0.0,0.0,0.0,0.0,0.0,0.0,0.0,0.0,0.0,0.0,0.0,0.0,0.46096065640449524,0.0
2020-01-09,0.0,0.0,0.0,0.0,-0.32144808769226074,-0.32144808769226074,0.0,0.0,0.0,0.0,0.0,-0.18718339502811432,0.0,0.0,0.9110779464244843,0.0,0.14705297350883484,0.0,-0.9487698078155518,-0.21429872512817383,0.0,0.0,0.0,0.0,0.0,0.0,0.0,0.0,0.43007901310920715
2020-01-10,0.0,0.0,0.9379931688308716,0.0,0.0,-0.6925296187400818,0.0,0.4738684594631195,0.0,0.0,0.0,-0.12748229503631592,0.0,0.0,0.0,0.0,-0.3462648093700409,-0.10282328724861145,0.0,-0.3462648093700409,0.0,0.0,0.30705906947453815,0.0,0.6774623095989227,0.0,0.0,0.0,-0.47942233085632324
2020-01-11,0.0,0.0,0.0,0.0,0.0,-0.48258161544799805,0.0,0.0,0.0,0.0,0.0,0.0,0.0,0.0,0.0,0.0,0.0,0.0,0.0,-0.9651632308959961,0.0,0.0,0.0,0.0,0.0,0.0,0.0,0.0,0.0
2020-01-12,0.0,0.0,0.0,0.0,0.0,0.0,0.0,0.0,0.0,0.0,0.0,0.0,0.0,0.0,0.0,0.0,0.0,0.0,0.0,0.0,0.0,0.0,0.0,0.0,0.7556608319282532,0.0,0.0,0.0,0.0
2020-01-13,0.0,0.0,0.8868882954120636,0.0,0.0,0.22087271511554718,0.0,0.8786100149154663,0.0,0.0,0.0,0.907821774482727,0.0,0.0,0.0,0.0,0.0,0.8634929060935974,0.0,-0.16999490559101105,0.0,0.0,0.5380974769592285,0.0,0.41822800040245056,0.0,0.0,-0.9675440788269043,0.558060348033905
2020-01-14,0.0,0.0,0.0,0.0,0.0,-0.3306527495384216,0.0,0.0,0.0,0.0,0.0,-0.04046640225819179,0.0,0.0,0.0,0.0,0.0,0.14065656065940857,0.0,-0.41331593692302704,0.0,0.0,0.0,0.0,0.0,0.0,0.0,0.0,-0.4257783591747284
2020-01-15,0.0,0.21676329771677652,0.0,0.0,0.0,-0.01820341083738539,0.0,0.0,0.0,0.0,0.0,0.0,0.0,0.0,0.5300681591033936,0.0,0.0,-0.877547562122345,-0.8779584765434265,0.0,0.0,0.0,0.8859643042087555,0.0,0.0,0.0,0.0,0.10161608457565308,0.0
2020-01-16,0.0,0.0,0.0,0.0,0.0,0.45842936635017395,0.0,0.8981332778930664,0.0,0.0,0.0,0.189725661277771,0.0,0.0,0.0,0.0,0.0,0.29417383670806885,-0.9664767980575562,0.3252655863761902,0.0,-0.5751927047967911,0.4445924758911133,0.0,0.0,0.0,0.0,0.798371821641922,0.0
2020-01-17,0.0,0.0,0.0,0.0,0.0,0.0,0.5936408638954163,0.0,0.0,0.0,0.0,-0.005131542682647705,0.0,0.0,0.0762068231900533,0.0,0.0,-0.440193772315979,0.0,0.057229697704315186,0.0,-0.41709575057029724,0.31018640597661334,0.0,0.5126277208328247,0.0,0.0,0.0,0.0
2020-01-18,0.0,0.0,0.0,0.0,0.0,0.0,0.0,0.0,0.0,0.0,0.0,0.0,0.0,0.0,0.0,0.0,0.0,0.0,0.0,0.0,0.0,0.0,0.0,0.0,0.0,0.0,0.0,0.0,0.0
2020-01-19,0.0,0.0,0.0,0.0,0.0,0.0,0.0,0.0,0.0,0.0,0.0,0.0,0.0,0.0,0.0,0.0,0.0,0.0,0.0,0.0,0.0,0.0,0.0,0.0,0.0,0.0,0.0,0.0,0.0
2020-01-20,0.0,0.0,0.0,0.0,0.0,0.0,0.0,0.0,0.0,0.0,0.0,0.0,0.0,0.0,0.5046839118003845,0.0,0.0,0.0,0.0,0.0,0.0,0.0,0.0,0.0,0.0,0.0,0.0,0.0,0.0
2020-01-21,0.0,0.0,0.0,0.0,0.0,-0.8421807885169983,0.3140230377515157,0.0,0.0,0.0,0.0,0.38341380655765533,0.0,0.0,-0.21568527817726135,0.0,0.9030092358589172,0.0,0.0,-0.19499601423740387,0.0,0.0,0.0,0.0,0.0,0.0,0.0,0.0,0.0
2020-01-22,0.0,0.0,0.0,0.0,0.0,0.4998916685581207,0.0,0.0,0.0,0.8167325854301453,0.0,0.0,0.0,0.890518069267273,0.00970606878399849,0.0,0.0,0.0,-0.2149717609087626,0.0,0.0,0.4587237238883972,0.0,0.0,0.0,0.0,0.0,0.0,0.0
2020-01-23,0.0,0.0,0.0,0.0,0.0,0.0,0.0,0.0,0.0,0.0,0.0,0.00995558500289917,0.0,0.0,0.6078795194625854,0.0,0.0,0.5961187481880188,0.4434293210506439,0.0,0.0,0.0,0.591767152150472,0.0,0.0,-0.538229231039683,0.0,0.0,-0.9582547545433044
2020-01-24,0.0,0.0,0.0,0.0,0.21015576882795853,0.0,-0.9321151971817017,0.0,0.0,0.0,0.0,0.230121448636055,0.0,0.0,0.0,0.0,0.0,0.0,-0.012493818998336792,0.0,0.0,0.0,0.0,0.0,0.0,0.7369185090065002,0.0,0.0,0.9459715485572815
2020-01-26,0.0,0.0,0.0,0.0,0.0,0.0,0.0,0.0,0.0,0.0,0.0,0.0,0.0,0.0,0.0,0.0,0.0,0.8572286367416382,0.0,0.0,0.0,0.0,0.0,0.0,0.8572286367416382,0.0,0.0,0.0,0.0
2020-01-27,0.0,0.44536980986595154,0.0,0.0,0.08583923578262329,-0.9717744588851929,-0.48611050844192505,0.0,0.0,0.0,0.0,-0.27074973923819406,0.0,0.0,0.4502282291650772,0.0,0.0,0.444649875164032,0.0,-0.9717744588851929,0.0,-0.41718393564224243,-0.4854201078414917,0.0,0.0,0.0,0.0,-0.9741654396057129,0.07154957950115204
2020-01-28,0.0,0.0,0.0,0.0,0.8222007155418396,0.0,0.0,0.0,0.0,0.35096046328544617,0.0,0.0,0.0,0.0,0.9251181483268738,0.0,0.0,0.7878459692001343,-0.011341124773025513,0.0,0.0,0.0,0.921218991279602,0.0,0.16398627758026124,0.0,0.0,0.0,0.0
2020-01-29,0.0,0.0,0.0,0.0,0.0,0.0,0.0,0.0,0.0,0.7442883849143982,0.0,-0.9551287889480591,0.0,-0.9622793793678284,0.288964847723643,0.0,0.0,0.8351666331291199,0.23607285817464194,0.0,0.0,0.9183954000473022,0.0,0.0,0.0,0.0,0.0,0.0,-0.9351032376289368
2020-01-30,0.0,0.0,0.0,0.0,0.0,0.0,0.0,0.0,0.0,0.0,0.0,0.29418377081553143,0.0,0.0,-0.7711729407310486,0.0,0.018976844274080716,0.07829909771680832,0.6679540547457609,0.0,0.0,0.0,-0.32432947556177777,-0.4383055865764618,0.0,0.0,0.0,0.0,-0.46677014231681824
2020-01-31,0.0,0.9451223015785217,0.0,0.0,-0.972564160823822,-0.972564160823822,-0.7093470022082329,0.0,0.0,0.0,0.0,-0.07572503089904785,0.0,0.0,0.0,0.0,0.5954316079616546,0.20308407147725424,0.0,-0.8216272592544556,0.0,0.0,-0.8965483009815216,0.0,0.9214943051338196,0.0,0.0,-0.48587366938591003,-0.5813301934136285
2020-02-01,0.0,0.0,0.0,0.0,0.0,0.0,0.0,0.0,0.0,0.0,0.0,0.0,0.0,0.0,0.0,0.0,0.0,0.0,0.0,0.0,0.0,0.0,0.0,0.0,0.0,0.0,0.0,0.0,0.0
2020-02-02,0.0,0.0,0.0,0.0,0.0,0.0,0.0,0.0,0.0,0.0,0.0,-0.8602513074874878,0.0,0.0,0.0,0.0,0.0,0.0,-0.9089219570159912,0.0,0.0,0.0,0.0,0.0,0.0,0.0,0.0,0.0,0.0
2020-02-03,0.0,0.0,0.0,0.0,0.0,0.0,0.23174527287483215,0.0,0.0,0.0,0.0,-0.10027811924616496,0.0,0.0,0.0,0.0,0.0,0.0,0.0,0.0,0.0,0.0,0.0,0.0,0.0,0.0,0.0,0.0,-0.5869311988353729
2020-02-04,0.0,0.0,0.0,0.0,0.0,0.8995835781097412,0.6404880583286285,0.0,0.0,0.0,0.0,0.3261179587533397,0.0,0.0,0.0,0.0,0.0,0.0,0.0,0.8995835781097412,0.0,0.0,-0.0411868691444397,0.0,0.0,0.0,0.0,0.9442622661590576,0.7736393213272095
2020-02-05,0.0,0.46523404121398926,0.0,0.0,0.0,0.9420733451843262,-0.06240120530128479,-0.4845961928367615,0.0,0.0,0.0,0.2255624234676361,0.0,0.0,0.0,0.0,0.0,0.2043726146221161,0.0,0.0,0.0,0.0,0.0,0.0,0.0,0.0,0.0,0.8174904584884644,0.9454626441001892
2020-02-06,0.0,0.4704781770706177,0.0,0.0,0.0,0.0,0.0,0.0,0.0,0.0,0.0,0.008592069149017334,0.0,0.0,-0.6882145702838898,0.0,0.0,0.007225006818771362,0.0,0.0,0.0,0.0,0.0,0.0,0.45450180768966675,0.0,0.0,0.0,0.0
2020-02-07,0.0,0.7236806154251099,0.0,0.0,0.0,0.0,0.0,0.0,0.0,0.0,0.0,-0.024910032749176025,0.0,0.0,-0.7684123814105988,0.0,0.0,-0.5826409459114075,0.0,0.0,0.0,0.0,0.7399069666862488,0.0,0.0,0.0,0.0,0.0,0.0
2020-02-10,0.0,0.8791761994361877,0.0,0.0,0.0,0.0,0.7195525765419006,0.0,0.0,0.0,0.0,-0.23323431611061096,0.0,0.0,0.027391910552978516,0.0,0.0,-0.5596126198768616,0.0,0.0,0.0,0.0,0.6727750450372696,0.40649905800819397,0.417483925819397,0.0,0.0,0.0,0.0
2020-02-11,0.0,0.0,0.02349555492401123,0.0,0.0,0.0,0.0,0.19696283340454102,0.0,0.0,0.0,-0.1120840534567833,0.0,0.0,0.45776841044425964,0.0,0.0,0.0,0.0,0.0,0.0,0.0,0.3671006441116333,0.0,0.0,0.0,0.0,0.0,-0.47441548109054565
2020-02-12,0.0,0.0,0.0,0.0,0.7363947033882141,0.0,0.0,0.8994541764259338,0.0,0.0,0.0,0.0,0.0,0.0,0.9319167733192444,0.0,0.0,0.9310689568519592,0.0,0.0,0.0,0.0,0.3182718753814697,0.0,0.0,0.0,0.0,-0.0285874605178833,-0.8526461124420166
2020-02-13,0.0,0.0,0.0,0.0,0.0,0.0,-0.1694128257887704,-0.47165554761886597,0.0,0.37555798292160036,0.0,0.2781180143356323,0.0,0.0,0.0,0.0,0.46901342272758484,0.0,0.0,0.0,0.0,0.0,0.32556230371648615,0.3084958090501673,0.0,0.0,0.0,0.0,0.0
2020-02-14,0.0,0.0,0.0,0.0,0.0,0.0,0.407129963239034,-0.8591591119766235,0.0,0.0,0.0,0.0,0.0,0.44897881150245667,-0.40412622690200806,0.0,0.0,0.0,0.0,0.0,0.0,0.45765364170074463,0.49132628979221465,0.4046073257923126,0.0,0.0,0.0,-0.8830441832542419,0.0
2020-02-15,0.0,0.0,0.0,0.0,0.0,0.0,0.0,0.0,0.0,0.0,0.0,0.0,0.0,0.0,0.0,0.0,0.0,0.0,0.0,0.0,0.0,0.0,0.0,0.0,0.0,0.0,0.0,0.0,0.0
2020-02-18,0.0,0.9327109456062317,0.0,0.0,0.0,0.0,0.0,0.7016814798116684,0.0,0.46867361664772034,0.0,-0.23914895951747894,0.0,0.0,0.9475735425949097,0.0,0.0,0.0,0.0,-0.4814070761203766,0.0,0.0,0.16535302570887975,0.0,0.6218580007553101,0.0,0.0,0.8261447548866272,0.0
2020-02-19,0.0,0.0,0.859368622303009,0.0,0.0,0.0,0.0,0.23170484602451324,0.0,0.0,0.0,-0.41646627336740494,0.0,0.0,0.0,0.0,0.0,0.0,0.0,0.0,0.0,-0.48554256558418274,0.2695510917239719,0.0,0.0,0.0,0.0,0.0,0.5321124196052551
2020-02-20,0.0,0.0,0.0,0.0,0.0,0.0,-0.9640578031539917,0.0,0.0,0.0,0.0,-0.06287819147109985,0.0,0.0,0.0,0.0,0.7134608030319214,-0.7691007256507874,0.0,-0.1524099180331597,0.0,0.7298147082328796,-0.2423703670501709,0.3728664815425873,0.0,0.6017242223024368,0.0,0.0,0.0
2020-02-21,0.0,0.0,0.0,0.0,0.0,0.0,0.0,-0.12152141332626343,0.0,0.0,0.0,-0.33995896577835083,0.0,0.4475897550582886,0.0,0.0,-0.6835327386856079,0.0,0.0,-0.48440615832805634,0.0,0.827381432056427,-0.9719906449317932,0.0,0.0,-0.46911197900772095,0.0,0.0,-0.9497926533222198
2020-02-22,0.0,0.0,0.0,0.0,0.0,0.0,0.0,0.0,0.0,0.0,0.0,0.0,0.0,0.0,0.0,0.0,0.0,0.0,0.0,0.0,0.0,0.0,0.0,0.0,0.0,0.0,0.0,0.0,0.0
2020-02-23,0.0,0.0,0.0,0.0,0.0,0.0,0.0,0.0,0.0,0.0,0.0,0.0,0.0,0.0,0.0,0.0,0.0,0.931304395198822,0.0,0.0,0.0,0.0,0.0,0.0,0.0,0.0,0.0,0.0,0.0
2020-02-24,0.0,0.0,0.0,0.0,-0.9721250534057617,-0.48606252670288086,-0.9723777174949646,-0.9720677137374878,0.0,-0.6027103066444397,0.0,-0.32378320892651874,0.0,-0.31222424904505414,0.0,0.0,0.4618527293205261,0.927083432674408,-0.9719696044921875,-0.9721250534057617,0.0,0.0,-0.6363218228022257,-0.11001437902450562,0.0,0.0,0.0,-0.9721581935882568,-0.971861720085144
2020-02-25,0.0,0.0,-0.007624129454294841,0.0,-0.9702451825141907,-0.9702451825141907,0.0,-0.2155150348941485,0.0,0.0,0.0,0.3782059635434832,0.0,0.27644941210746765,0.0,0.0,0.0,0.0,-0.9091706275939941,-0.9702451825141907,0.0,0.0,0.14141612499952316,-0.9091706275939941,0.0,-0.9091706275939941,0.0,-0.9721808433532715,-0.6357342600822449
2020-02-26,0.0,0.0,0.938158392906189,0.0,0.0,0.0,0.0,0.18173308571179708,0.0,0.0,0.0,0.0,0.0,0.358086970117357,0.0,0.0,0.0,0.0,0.0,0.0,0.0,0.0,0.27353982130686444,0.0,0.5802609523137411,0.0,0.0,0.0,0.0
2020-02-27,0.0,0.0,0.0,0.0,-0.9713701605796814,-0.4856850802898407,0.0,-0.9731487035751343,0.0,0.0,0.0,-0.11730338633060455,0.0,0.0,0.0,0.0,0.0,0.45004865527153015,0.0,-0.3237900535265605,0.0,0.0,-0.6456923286120096,0.0,-0.16329142451286316,0.0,0.0,-0.9709911346435547,-0.9527277946472168
2020-02-28,0.0,0.0,-0.9737421870231628,0.0,-0.9731850624084473,-0.9731850624084473,0.0,0.18348920345306396,0.0,-0.9731138348579407,0.0,-0.634711742401123,0.0,-0.9728821516036987,-0.9733036160469055,0.0,-0.9718349575996399,-0.9532002806663513,-0.9664945006370544,-0.9731850624084473,0.0,-0.9731138348579407,0.9588784575462341,-0.9718349575996399,-0.9504305422306061,-0.9741809368133545,0.0,-0.9733036160469055,-0.30918582280476886
2020-03-01,0.0,0.0,0.0,0.0,-0.7480453848838806,0.0,0.0,0.0,0.0,0.0,0.0,0.0,0.0,0.0,0.0,0.0,0.0,0.0,0.0,0.0,0.0,0.0,0.0,0.0,0.0,0.0,0.0,0.0,0.0
2020-03-02,0.0,-0.7599758505821228,-0.9552738070487976,0.0,-0.14625345667203268,0.6186331510543823,0.0,0.0,0.0,0.0,0.0,0.03278311093648275,0.0,0.0,0.0,0.0,0.0,0.0,0.0,0.0,0.0,0.941803514957428,0.0,0.0,0.3880573511123657,0.0,0.0,0.9307869076728821,0.5059020519256592
2020-03-03,0.0,0.5351511836051941,0.0,0.0,-0.49938875436782837,-0.9633873701095581,0.0,-0.9707969427108765,0.0,0.0,0.0,-0.4510635733604431,0.0,0.0,-0.4853564202785492,0.0,0.0,0.0,0.9122230410575867,-0.9633873701095581,0.0,0.0,-0.1204824447631836,0.0,0.0,0.0,0.0,-0.9707128405570984,-0.9703966975212097
2020-03-04,0.0,0.0,0.0,0.0,0.936729371547699,0.0,0.46570152044296265,0.0,0.0,0.9334183931350708,0.0,0.0,0.0,0.1296172340710958,0.2371448129415512,0.0,0.0,0.9532510042190552,0.0,-0.27938151359558105,0.0,0.47488337755203247,0.9302982091903687,0.0,0.9532510042190552,0.0,0.0,0.3512141928076744,0.30715930461883545
2020-03-05,0.0,0.0,0.0,0.0,-0.9721251726150513,-0.48606258630752563,-0.9709216952323914,-0.4861108064651489,0.0,0.0,0.0,-0.3966856400171916,0.0,0.0,-0.27698850631713867,0.0,0.0,0.0,0.0,-0.48606258630752563,0.0,0.0,-0.9722216129302979,0.0,0.0,0.0,0.0,-0.3932054042816162,-0.4838927984237671
2020-03-06,0.0,0.0,-0.2924567461013794,0.0,-0.6335366368293762,-0.6335366368293762,-0.9729074239730835,-0.9695342183113098,0.0,-0.9688662886619568,0.0,-0.5015897495406014,0.0,-0.969508707523346,-0.36480242013931274,0.0,0.0,0.0,-0.9443579316139221,-0.32435081402460736,0.0,-0.9688662886619568,-0.4847671091556549,-0.4724055826663971,-0.4850517511367798,-0.4810294508934021,0.0,0.0,-0.20086617271105447
2020-03-07,0.0,0.0,0.0,0.0,0.0,0.0,0.0,0.0,0.0,0.0,0.0,0.0,0.0,0.0,0.0,0.0,0.0,0.0,0.0,0.0,0.0,0.0,0.0,0.0,0.0,0.0,0.0,0.0,0.0
2020-03-09,-0.31608812014261883,0.030439376831054688,0.0,0.0,-0.23422986268997192,-0.32341323296229046,-0.9660030007362366,-0.0771508514881134,0.0,-0.9670891761779785,0.0,-0.32094157934188844,0.0,-0.32437026500701904,0.0,0.0,-0.9731107950210571,0.0,-0.9686680436134338,-0.32341323296229046,0.0,0.0,-0.4864208698272705,-0.9731107950210571,-0.010031859079996744,0.0,0.0,0.4232352077960968,-0.23311018347740173
2020-03-10,-0.35157641023397446,0.0,0.0,0.0,0.9458602070808411,0.45231275757153827,0.9169790744781494,-0.4548644423484802,0.0,0.0,0.0,-0.4548644423484802,0.0,0.45979925990104675,0.6233800053596497,0.0,0.0,0.0,0.6217505931854248,0.47293010354042053,0.0,0.0,-0.9097288846969604,0.0,0.31218814849853516,0.0,0.0,0.0,-0.21454863250255585
2020-03-11,-0.2396724990436009,0.0,-0.9731648564338684,0.0,-0.9727187752723694,-0.9727187752723694,-0.32439810037612915,-0.9729159474372864,0.0,-0.9729606509208679,0.0,0.0539070102903578,0.0,-0.08019466400146484,-0.4860159456729889,0.0,-0.9726603627204895,0.3750894069671631,-0.32422012090682983,-0.9727187752723694,0.0,-0.9729606509208679,-0.024105846881866455,-0.06886625289916992,-0.9720318913459778,-0.48633018136024475,0.0,0.0,-0.48402124643325806
2020-03-12,-0.2531494379043579,0.8996553421020508,-0.9732583165168762,0.0,-0.7243659694989523,-0.7002687752246857,-0.9535208940505981,-0.4868345856666565,0.0,-0.38094147443771365,0.0,-0.4864656627178192,0.0,-0.06084515651067098,-0.9533456265926361,0.0,-0.9734355211257935,-0.018999238808949787,-0.953487902879715,-0.9531076550483704,0.0,-0.5310593446095785,-0.973669171333313,-0.8586731751759847,-0.9155652125676473,-0.45688390731811523,0.0,-0.9731509685516357,-0.9525791108608246
2020-03-13,0.07464140111749823,0.0,-0.9485071897506714,0.0,-0.9169803857803345,-0.9169803857803345,-0.24715693295001984,0.5346593856811523,0.0,0.0,0.0,0.15260252782276698,0.0,0.0,0.001533806324005127,0.0,0.0,-0.471316933631897,-0.29619091749191284,-0.002362757921218872,0.0,0.0,-0.9645132422447205,0.0,-0.6366665363311768,0.0,0.0,0.0,-0.47745612263679504
2020-03-14,-0.4473186135292053,0.0,0.0,0.0,0.0,0.0,0.0,0.0,0.0,0.0,0.0,0.0,0.0,0.0,0.0,0.0,0.0,0.0,0.0,0.0,0.0,0.0,0.0,0.0,0.0,0.0,0.0,0.0,0.0
2020-03-15,-0.24605081975460052,0.0,0.0,0.0,0.0,0.0,0.0,0.0,0.0,0.0,0.0,0.0,0.0,0.0,0.0,0.0,0.0,0.0,-0.46097666025161743,-0.8201399445533752,0.0,0.0,0.0,0.0,0.0,0.0,0.0,0.0,0.0
2020-03-16,-0.4477343234148892,0.0,0.0,0.0,-0.9690442085266113,-0.9690442085266113,-0.0012001097202301025,-0.9719433784484863,0.0,-0.4865008592605591,0.0,-0.5742552995681762,0.0,-0.9727766513824463,-0.3243374824523926,0.0,-0.9727766513824463,-0.028771698474884033,-0.7633411586284637,-0.9690442085266113,0.0,-0.4865008592605591,-0.48597168922424316,-0.9727766513824463,-0.3243374824523926,-0.6935341358184814,0.0,0.0,-0.2049455259527479
2020-03-17,-0.13262170553207397,0.8096103072166443,0.0,0.0,0.07289473215738933,0.23595901330312094,0.4723191261291504,0.08278989791870117,0.0,0.9278398156166077,0.0,-0.27512545245034353,0.0,-0.7046753168106079,0.0,0.0,0.9260071516036987,0.9493340253829956,0.0,-0.9621239900588989,0.0,0.9278398156166077,0.47421976923942566,0.8938351273536682,0.7908848524093628,0.17618385950724283,0.0,0.9493340253829956,-0.17412105202674866
2020-03-18,-0.03405614197254181,0.0,0.0,0.0,-0.20151315927505492,-0.9726029634475708,-0.06751303374767303,-0.973669171333313,0.0,0.0,0.0,-0.07092252969741822,0.0,-0.2994384765625,0.6253371834754944,0.0,-0.7229975461959839,0.9290961027145386,0.0,-0.4863014817237854,0.0,0.0,-0.527123749256134,-0.487514466047287,0.5075682202974955,0.0,0.0,0.0,0.0
2020-03-19,0.0,0.0,0.0,0.0,0.0,-0.9530716240406036,0.0,-0.130618155002594,0.0,-0.9335402846336365,0.0,0.0,0.0,0.0,0.0,0.0,-0.9705139398574829,0.0,0.9489588141441345,0.0,0.0,0.0,0.09720627466837566,-0.9705139398574829,0.0,0.0,0.0,0.8739478588104248,0.0
2020-03-20,0.10777369141578674,0.0,0.0,0.0,0.4744308292865753,-0.961539626121521,0.0,0.0,0.0,-0.9275574684143066,0.0,0.14483672380447388,0.0,0.4765881896018982,0.45949989557266235,0.0,-0.44695048530896503,-0.7703617811203003,-0.473052978515625,0.0,0.0,0.0,0.12239160140355428,-0.05718950927257538,-0.9275574684143066,0.0,0.0,0.12079383929570515,0.7798534631729126
2020-03-21,0.0,0.0,0.0,0.0,0.0,0.0,0.0,0.0,0.0,0.0,0.0,0.0,0.0,0.0,0.0,0.0,0.0,0.0,0.0,0.0,0.0,0.0,0.0,0.0,0.0,0.0,0.0,0.0,0.0
2020-03-23,-0.15728433430194855,0.4619370102882385,-0.9388940334320068,0.0,0.0,-0.9545172154903412,0.0,0.0,0.0,-0.954060435295105,0.0,-0.469806045293808,0.0,-0.25335922837257385,-0.9542876482009888,0.0,0.002434333165486654,-0.4396035522222519,-0.6674188077449799,-0.35080212354660034,0.0,-0.954060435295105,0.9390537142753601,0.5466461032629013,-0.9388940334320068,-0.4988245442509651,0.0,-0.4694470167160034,-0.9484995901584625
2020-03-24,0.11578173296792167,0.0,0.0,0.0,0.9363999366760254,0.9363999366760254,-0.964589536190033,0.9387989640235901,0.0,0.0,0.0,0.03652350902557373,0.0,-0.8753408789634705,0.4674912989139557,0.0,0.015350426946367537,0.4674912989139557,-0.9148068726062775,0.9363999366760254,0.0,0.0,0.5424536287784576,0.007291674613952637,0.45965126156806946,-0.8753408789634705,0.0,0.9006540973981222,-0.4747471809387207
2020-03-25,0.19805991152922311,0.0,0.0,0.0,0.8770838379859924,0.0,0.0,-0.699627697467804,0.0,0.0,0.0,-0.6220389753580093,0.0,0.0,0.6949909329414368,0.0,0.0,0.0,0.11951998472213746,0.4385419189929962,0.0,0.0,0.39977723360061646,0.0,-0.5818852186203003,-0.9227111339569092,0.0,0.8071151971817017,0.9250233173370361
2020-03-26,0.0,0.0,0.3133828441301982,0.0,0.834562361240387,-0.22534229358037314,-0.4355858117341995,0.0,0.0,0.4363635778427124,0.0,0.0,0.0,0.0,0.9245806336402893,0.0,-0.8732600212097168,0.9245806336402893,0.012770752112070719,-0.8441447168588638,0.0,0.7575677633285522,0.9521655440330505,-0.8732600212097168,-0.034921725591023765,-0.4366300106048584,0.0,0.0,-0.9660910367965698
2020-03-27,0.1408278321226438,0.0,0.0,0.0,-0.4804835120836894,0.1574731469154358,-0.6411726673444113,-0.9689633250236511,0.0,-0.4839876890182495,0.0,0.4868096634745598,0.0,0.0,-0.12497423589229584,0.0,-0.3236466646194458,-0.08667927980422974,0.3313448429107666,-0.04559612274169922,0.0,-0.967975378036499,-0.9656878709793091,0.9393811821937561,-0.2600467999776204,-0.4787990808486938,0.0,-0.7592631280422211,-0.45802006125450134
2020-03-28,0.0,0.0,0.0,0.0,0.0,0.0,0.0,0.0,0.0,0.0,0.0,0.0,0.0,0.0,0.0,0.0,0.0,0.0,0.0,0.0,0.0,0.0,0.0,0.0,0.0,0.0,0.0,0.0,0.0
2020-03-29,0.0,0.0,0.0,0.0,0.0,0.0,0.0,0.0,0.0,0.0,0.0,0.0,0.0,0.0,0.0,0.0,0.0,0.0,0.0,0.0,0.0,0.0,0.0,0.0,0.0,0.0,0.0,0.0,0.0
2020-03-30,-0.24790041148662567,0.0,0.0,0.0,0.0,-0.2582557499408722,-0.9143229722976685,0.9509713649749756,0.0,0.9327189922332764,0.0,-0.04982523123423258,0.0,0.0,0.3642974827024672,0.0,0.9068282246589661,0.6301140983899435,-0.633942186832428,0.31765451033910114,0.0,0.9327189922332764,0.9509713649749756,0.0,0.0,-0.2857954204082489,0.0,0.0,-0.012785524129867554
2020-03-31,0.16797553300857543,0.9551731944084167,-0.4852358400821686,0.0,0.0,0.0,0.446570763985316,-0.5546556115150452,0.0,0.0,0.0,-0.454430490732193,0.0,0.0,0.015551507472991943,0.0,0.8015573024749756,-0.18113017082214355,0.0,0.0,0.0,0.0,0.6290372808774313,0.0,0.0,-0.15216678380966187,0.0,0.0,-0.9669841527938843
2020-04-01,-0.5365609186036246,0.0,0.0,0.0,-0.9736406207084656,-0.2366307725509008,0.0,-0.4869406223297119,0.0,-0.9735356569290161,0.0,-0.43097564578056335,0.0,-0.48022593557834625,-0.7257997244596481,0.0,0.0,-0.9710856676101685,-0.1551750898361206,-0.3730247735977173,0.0,-0.9735356569290161,-0.9179162681102753,0.0,-0.9710856676101685,-0.8499203324317932,0.0,-0.9710856676101685,0.0
2020-04-02,0.035989031195640564,0.0,0.0,0.0,0.0,-0.004243570566177368,0.0,0.0,0.0,0.0,0.0,-0.17591345310211182,0.0,-0.36126628518104553,0.42106306552886963,0.0,-0.9521937370300293,-0.527776300907135,0.0,-0.30241117626428604,0.0,0.0,0.0,0.487546443939209,0.22778905928134918,0.0,0.0,0.0,0.4583984911441803
2020-04-03,-0.5349238872528076,0.0,0.0,0.0,-0.7449336349964142,-0.04130934178829193,-0.9711096286773682,0.0,0.0,0.0,0.0,-0.9605209827423096,0.0,0.0,0.23232030868530273,0.0,0.0,0.0,-0.9731840491294861,-0.6285071969032288,0.0,0.0,-0.06396293640136719,0.0,0.0,0.0,0.0,0.0,-0.23374327421188354
2020-04-04,0.0,0.0,0.0,0.0,0.0,0.0,0.0,0.0,0.0,0.0,0.0,0.0,0.0,0.0,0.0,0.0,0.0,0.0,0.0,0.0,0.0,0.0,0.0,0.0,0.0,0.0,0.0,0.0,0.0
2020-04-05,0.0,0.0,0.0,0.0,0.0,0.0,0.0,0.0,0.0,0.0,0.0,0.0,0.0,0.0,0.0,0.0,0.0,0.0,0.0,0.0,0.0,0.0,0.0,0.0,0.0,0.0,0.0,0.0,0.0
2020-04-06,0.3694944977760315,0.0,0.0,0.0,0.9480500221252441,0.08819867031914848,0.4720117449760437,0.9447356462478638,0.0,0.8218773603439331,0.0,0.6932468861341476,0.0,-0.9246813058853149,0.4677472412586212,0.0,0.9372977018356323,0.5919467806816101,0.0,0.8353745937347412,0.0,0.0,0.9447356462478638,0.9372977018356323,0.0,0.0,0.0,0.9354944825172424,-0.3067849477132161
2020-04-07,0.4711528420448303,0.0,0.13262438774108887,0.0,0.5188272794087728,0.3707604259252548,0.9523929953575134,0.9423056840896606,0.0,0.0,0.0,0.0,0.0,0.0,0.0,0.0,0.16507792472839355,0.0,0.0,0.7415208518505096,0.0,0.0,0.7776330709457397,0.0,0.0,0.0,0.0,0.4749692678451538,-0.14629702435599434
2020-04-08,0.08217893242835998,0.0,0.9459616541862488,0.0,0.1673550009727478,0.13122506936391196,0.0,0.9515264630317688,0.0,0.0,0.0,-0.17858518494500053,0.0,0.0,0.09515196084976196,0.0,0.0,0.9530799984931946,-0.4258775455611093,0.09841880202293396,0.0,0.0,0.9515264630317688,0.0,0.0,0.0,0.0,0.5677190621693929,0.3042925198872884
2020-04-09,0.18761225938796997,0.0,0.0,0.0,0.9426720142364502,0.3142240047454834,-0.06753880977630615,0.0,0.0,0.9431247711181641,0.0,-0.24830502271652222,0.0,0.9226079881191254,0.5606167912483215,0.0,0.0,-0.4662429615855217,-0.054811328649520874,-0.23513662815093994,0.0,0.9431247711181641,0.0,0.0,0.3635943333307902,0.0,0.0,0.0,0.19617639482021332
2020-04-10,0.0,0.0,0.0,0.0,0.0,0.0,0.0,0.0,0.0,0.0,0.0,0.0,0.0,0.0,-0.6547471284866333,0.0,0.0,0.0,0.0,0.0,0.0,0.0,0.0,0.0,0.0,0.0,0.0,0.0,0.0
2020-04-11,0.0,0.0,0.0,0.0,0.0,0.0,0.0,0.0,0.0,0.0,0.0,0.0,0.0,0.0,0.0,0.0,0.0,0.0,0.0,0.0,0.0,0.0,0.0,0.0,0.0,0.0,0.0,0.0,0.0
2020-04-12,0.9495407938957214,0.0,0.0,0.0,0.0,0.0,0.0,0.0,0.0,0.0,0.0,0.9495407938957214,0.0,0.0,0.0,0.0,0.0,0.0,0.0,0.0,0.0,0.0,0.0,0.0,0.0,0.0,0.0,0.0,0.0
2020-04-13,-0.19087410966555277,0.0,-0.9699637293815613,0.0,-0.4863550364971161,-0.4643656313419342,-0.6496872425079345,0.0,0.0,-0.96915203332901,0.0,0.2252802848815918,0.0,0.0,-0.4423762261867523,0.0,-0.9720866084098816,0.0,-0.9742628931999207,-0.3242366909980774,0.0,-0.96915203332901,0.0,-0.9720866084098816,0.0,0.0,0.0,0.0,-0.657843828201294
2020-04-14,0.2895791053771973,0.0,0.0,0.0,-0.4465840458869934,0.0,0.019665380318959553,0.9501413702964783,0.0,0.0,0.0,-0.004281481107076009,0.0,0.9506151080131531,0.2137072523434957,0.0,0.9499861001968384,0.4749701917171478,-0.6341276168823242,0.0,0.0,-0.6882777214050293,0.9501413702964783,0.9499861001968384,0.0,0.8375413417816162,0.0,0.9499403834342957,0.0
2020-04-15,0.2620539367198944,0.0,-0.971015989780426,0.0,-0.9722815752029419,-0.33792611294322544,-0.4869002103805542,0.0,0.0,-0.48641860485076904,0.0,-0.21954836448033652,0.0,-0.4868599772453308,0.6187001126153129,0.0,-0.48646655678749084,0.30384262402852374,-0.47945451736450195,-0.026418566703796387,0.0,-0.9728372097015381,-0.06535845994949341,-0.48646655678749084,0.0,0.32754427194595337,0.0,0.2420330226421356,-0.022425393263498943
2020-04-16,0.3270256221294403,0.0,0.0,0.0,-0.9746646285057068,0.23566415905952454,0.9399300813674927,0.0,0.0,0.0,0.0,0.010944783687591553,0.0,0.17326638102531433,0.31331002712249756,0.0,0.9399300813674927,0.2236402928829193,0.8404605984687805,-0.028489137068390846,0.0,0.0,0.3274881839752197,0.46996504068374634,0.9399300813674927,0.3704955577850342,0.0,0.10782291491826375,-0.96771240234375
2020-04-17,-0.020628538727760316,0.0,0.9509755969047546,0.0,0.9454591274261475,0.47272956371307373,0.0,0.0,0.0,0.0,0.0,0.0,0.0,0.940355122089386,0.3774823248386383,0.0,0.0,0.30223480860392254,0.9523139595985413,0.45694614946842194,0.0,-0.377072274684906,0.8621100187301636,0.0,0.0,0.06442955365547767,0.0,0.0,-0.48079001903533936
2020-04-18,0.4623487591743469,0.0,0.0,0.0,0.0,0.7752014994621277,0.0,0.0,0.0,0.0,0.0,0.0,0.0,0.0,0.0,0.0,0.7752014994621277,0.0,0.0,0.0,0.0,0.0,0.0,0.0,0.0,0.0,0.0,0.7752014994621277,0.0
2020-04-19,0.0,0.0,0.0,0.0,0.0,0.0,0.0,0.0,0.0,0.0,0.0,0.0,0.0,0.0,0.0,0.0,0.0,0.0,0.0,0.0,0.0,0.0,0.0,0.0,0.0,0.0,0.0,0.0,0.0
2020-04-20,0.0,0.9409618377685547,0.0,0.0,-0.9735226631164551,-0.9735226631164551,0.0,0.0,0.0,-0.9691064953804016,0.0,0.0,0.0,0.0,0.0,0.0,0.0,0.0,0.7391369342803955,0.0,0.0,0.0,0.0,-0.45827192068099976,0.0,0.7138547897338867,0.0,0.0,-0.3558107486792973
2020-04-21,-0.005052437384923299,-0.48671984672546387,-0.9732636213302612,0.0,-0.9731806516647339,-0.9731806516647339,-0.4849306643009186,-0.973160982131958,0.0,-0.9729346036911011,0.0,-0.486580491065979,0.0,0.0,0.0,0.0,-0.02261482968049891,-0.3050604909658432,0.0,0.0,0.0,0.0,-0.486580491065979,0.0,0.0,0.8710948824882507,0.0,-0.9580246806144714,0.0
2020-04-22,0.4394179582595825,0.0,0.0,0.0,0.0,0.0,-0.9496827721595764,0.0,0.0,0.0,0.0,-0.08768102526664734,0.0,-0.6880512833595276,0.06782467365264892,0.0,0.25039759278297424,0.0,0.8351290623346964,0.0,0.0,0.3332436978816986,0.9532290101051331,0.0,0.1419782280921936,0.0,0.0,0.0,0.3110379974047343
2020-04-23,-0.3790566424528758,0.0,0.0,0.0,0.0,0.9344198107719421,0.8743569850921631,0.0,0.0,0.0,0.0,-0.32290780544281006,0.0,0.0,0.2976886034011841,0.0,0.0,0.10369885563850403,0.0,0.0,0.0,0.0,0.634536882241567,0.0,0.43081051111221313,0.0,0.0,0.5589027802149454,0.4519684314727783
2020-04-24,-0.08716544012228648,0.0,0.0,0.0,0.07478989958763123,-0.4921872913837433,0.0,0.0,0.0,0.0,0.0,-0.01791369915008545,0.0,0.0,0.4745393872261047,0.0,0.0,0.6145466566085815,0.0,0.0,0.0,0.0,0.8958556652069092,0.0,0.0,0.0,0.0,0.0,0.6127688884735107
2020-04-25,0.0,0.0,0.0,0.0,0.0,0.0,0.0,0.0,0.0,0.0,0.0,0.0,0.0,0.0,0.0,0.0,0.0,0.0,0.0,0.0,0.0,0.0,0.0,0.0,0.0,0.0,0.0,0.0,0.0
2020-04-26,0.0,0.0,0.0,0.0,0.0,0.0,0.0,0.0,0.0,0.0,0.0,0.0,0.0,0.0,0.0,0.0,0.0,0.0,0.0,0.0,0.0,0.0,0.0,0.0,0.0,0.0,0.0,0.0,0.0
2020-04-27,-0.1423445399850607,0.9440595507621765,0.8446525931358337,-0.13526034355163574,-0.1318993926048279,0.9420076012611389,-0.4158378044764201,0.0,0.0,0.0,0.0,0.0,0.0,0.4742514491081238,0.3049263060092926,0.0,0.0,0.0,0.09438323974609375,0.9420076012611389,0.0,0.0,0.36718111038208007,0.0,0.0,0.0,0.0,0.0,-0.2919800082842509
2020-04-28,-0.22910800576210022,0.0,0.14510321617126465,-0.3864513374865055,0.9311143159866333,0.23277857899665833,-0.1536353694068061,0.0,0.0,0.0,0.0,0.04657655779053183,0.0,0.0,0.1642009119192759,0.0,0.0,0.0,0.0,0.46555715799331665,0.0,0.0,0.9060763716697693,-0.013231450861150568,0.06397813132831029,0.0,0.0,0.0,0.0
2020-04-29,0.6392307430505753,0.0,-0.832525223493576,0.21642553408940632,0.952168345451355,0.952168345451355,0.3096591631571452,0.9477070569992065,0.0,0.0,0.0,0.46665554011569305,0.0,0.8446094393730164,0.9150227109591166,0.0,0.0,0.0,0.9423488974571228,0.0,0.0,0.0,-0.010671794414520264,0.26709126830101015,0.8198261260986328,0.0,0.0,0.0,0.9488525390625
2020-04-30,0.09806545658244027,0.0,-0.4907856285572052,0.2310649002039874,-0.027893424034118652,-0.9702121019363403,-0.9682914614677429,0.0,0.0,0.0,0.0,-0.030777196089426678,0.0,0.0,0.9198849201202393,0.0,0.0,0.0,0.05935804049173991,-0.9658312201499939,0.0,0.0,0.0,0.0,0.43913623690605164,0.0,0.0,0.883804202079773,0.053570181131362915
2020-05-01,0.2820724312748228,0.5461324254671732,0.0,0.04885454326868057,-0.970735490322113,-0.4853677451610565,-0.9699297547340393,0.0,0.0,0.0,0.0,-0.39049258828163147,0.0,0.0,-0.12182596325874329,0.0,0.0,0.0,0.1265735626220703,-0.4853677451610565,0.0,0.0,-0.9740463495254517,0.0,0.0,0.0,0.0,-0.9723780155181885,-0.649806909263134
2020-05-02,0.0,0.0,0.0,0.35498666763305664,0.0,0.0,0.0,0.0,0.0,0.0,0.0,0.0,0.0,0.0,0.0,0.0,0.0,0.0,0.0,0.0,0.0,0.0,0.0,0.0,0.0,0.0,0.0,0.0,0.0
2020-05-03,0.0,0.0,0.0,0.0,0.0,0.0,0.0,0.0,0.0,0.0,0.0,0.0,0.0,0.0,0.0,0.0,0.0,0.9057900905609131,0.0,0.0,0.0,0.0,0.0,0.0,0.9388642311096191,0.0,0.0,0.0,0.0
2020-05-04,0.1391224946294512,0.9412421584129333,-0.9574772119522095,-0.24194101492563883,0.0,-0.03105405569076538,0.0,0.7843615412712097,0.0,0.0,0.0,0.1817675679922104,0.0,-0.8275534510612488,0.0,0.0,0.0,0.5035442113876343,0.8908542394638062,-0.9702909588813782,0.0,0.0,0.4632517993450165,0.0,0.0,0.0,0.0,0.0,0.18107549846172333
2020-05-05,0.10229905446370442,0.47253231704235077,0.0,-0.4057084247469902,0.0,0.6137943267822266,0.9463746547698975,0.32735687494277954,0.0,0.0,0.0,-0.1829914927482605,0.0,-0.4148538112640381,0.25989870230356854,0.0,0.0,0.9477026462554932,-0.4799712896347046,0.6137943267822266,0.0,0.0,0.0,0.7241618633270264,0.003245492776234945,0.0,0.0,0.9477026462554932,0.3660586476325989
2020-05-06,0.1685708284378052,0.0,0.0,0.302085989051395,0.0,0.0,0.0,0.0,0.0,0.0,0.0,0.0,0.0,0.0,0.0,0.0,0.0,0.0,-0.12545448541641235,0.0,0.0,0.0,0.0,0.0,0.0,0.0,0.0,0.0,0.0
2020-05-07,0.0,0.0,0.0,-0.20707176625728607,-0.9710798263549805,-0.9710798263549805,0.0,0.7915537357330322,0.0,0.0,0.0,0.5669881701469421,0.0,0.9508100152015686,0.0,0.0,0.0,0.0,0.9351754784584045,-0.9710798263549805,0.0,0.0,0.8369356095790863,0.0,0.7510179877281189,0.0,0.0,0.0,0.7482756078243256
2020-05-08,-0.23297485283442906,0.0,0.0,0.0,0.0,0.46905916929244995,0.940366804599762,0.9571877717971802,0.0,0.0,0.0,-0.19070043563842773,0.0,0.0,0.0,0.0,0.9499354362487793,0.3746364414691925,0.5309525728225708,0.9381183385848999,0.0,0.0,0.9571877717971802,0.0,0.0,0.9499354362487793,0.0,0.0,0.0
2020-05-09,0.0,0.0,0.0,0.0,0.0,0.0,0.0,0.0,0.0,0.0,0.0,0.0,0.0,0.0,0.0,0.0,0.0,0.0,0.0,0.0,0.0,0.0,0.0,0.0,0.0,0.0,0.0,0.0,0.0
2020-05-10,0.0,0.0,0.0,-0.9603347778320312,0.0,0.0,0.0,0.0,0.0,0.0,0.0,0.0,0.0,0.0,0.0,0.0,0.0,0.0,0.0,0.0,0.0,0.0,0.0,0.0,0.0,0.0,0.0,0.0,0.0
2020-05-11,0.0,0.2850770354270935,0.0,-0.058112496679479424,-0.9691758155822754,-0.4845879077911377,0.0,0.8362209995587667,0.0,0.0,0.0,-0.2423100471496582,0.0,0.0,0.0,0.0,0.0,0.6237449844678243,0.0,0.0,0.0,0.0,0.17084549367427826,0.0,0.0,0.0,0.0,0.0,0.0
2020-05-12,0.11492781341075897,0.9149830341339111,0.0,-0.04844115177790324,0.0,0.0,0.0,0.0,0.0,0.0,0.0,-0.034811556339263916,0.0,0.9036386013031006,0.0,0.0,0.0,0.0,0.0,-0.4812025725841522,0.0,0.0,0.0,-0.45033079385757446,0.0,0.0,0.0,0.0,0.0
2020-05-13,0.10878084103266399,0.0,0.0,-0.02157441775004069,-0.973524808883667,-0.973524808883667,-0.9746955633163452,-0.9127183556556702,0.0,0.0,0.0,0.15937215089797974,0.0,0.5263804793357849,0.0,0.0,0.0,-0.957915723323822,0.0,-0.7149735540151596,0.0,0.0,0.8594302237033844,0.0,-0.27602235674858094,0.0,0.0,-0.9702338576316833,-0.4855883717536926
2020-05-14,0.012115071217219034,-0.9133928418159485,0.0,0.13759090900421142,0.9538888335227966,0.4769444167613983,0.0,0.0,0.0,0.0,0.0,-0.9326093196868896,0.0,0.0,0.0,0.0,0.0,0.0,0.13387982547283173,0.0,0.0,0.0,0.3045809864997864,0.0,0.0,0.0,0.0,0.0,0.0
2020-05-15,-0.45439033423151287,0.0,0.0,-0.04435885945955912,-0.41207754611968994,0.0,0.0,0.0,0.0,0.0,0.0,0.03664331436157227,0.0,-0.005967646837234497,0.5983133912086487,0.0,-0.9020822644233704,0.0,0.0,0.0,0.0,-0.4747059941291809,-0.23549477259318033,0.0,0.0,0.0,0.0,0.0,-0.6498152613639832
2020-05-16,-0.9345306754112244,0.0,0.0,0.0,0.0,0.0,0.0,0.0,0.0,0.0,0.0,-0.4672653377056122,0.0,0.0,0.0,0.0,0.0,0.0,0.0,0.0,0.0,0.0,0.0,0.0,0.0,0.0,0.0,0.0,0.0
2020-05-17,0.0,0.0,0.0,0.0,0.0,0.0,0.0,0.0,0.0,0.0,0.0,0.0,0.0,0.0,0.0,0.0,0.0,0.0,0.0,0.0,0.0,0.0,0.0,0.0,0.0,0.0,0.0,0.0,0.0
2020-05-18,0.3465878963470459,0.0,0.0,0.20834686358769736,0.9294360280036926,0.4647180140018463,0.9428195953369141,-0.2769533197085063,0.0,0.9453122019767761,0.0,0.0,0.0,0.17867680390675864,0.3511365056037903,0.0,0.0,0.0,0.0,0.9294360280036926,0.0,0.9453122019767761,0.39677963086536955,0.0,0.822590172290802,0.0,0.0,0.0,0.8921346068382263
2020-05-19,-0.24142305552959442,0.0,0.0,-0.058325727780659996,0.0,0.261636346578598,0.0,0.9492899775505066,0.0,0.0,0.0,-0.48284611105918884,0.0,-0.29387982686360675,-0.28241737683614093,0.0,0.0,-0.7363027930259705,0.0,0.42314600944519043,0.0,0.0,0.15069221456845602,0.0,0.17355364561080933,0.0,0.0,0.8694668412208557,0.0
2020-05-20,0.42134266240256174,0.0,0.0,0.07924424277411567,0.9395936727523804,0.9395936727523804,0.9418408274650574,0.0,0.0,0.0,0.0,0.02154349088668823,0.0,0.7209576219320297,-0.912919282913208,0.0,0.9555764198303223,0.0,-0.7954321205615997,0.9395936727523804,0.0,0.0,0.25683608651161194,0.0,0.0,0.0,0.0,0.0,0.9172478914260864
2020-05-21,-0.10539394617080688,-0.8620238900184631,0.0,-0.061825454235076904,0.0,0.0,0.0,0.0,0.0,0.0,0.0,0.0,0.0,0.1670444905757904,0.0,0.0,0.0,0.0,0.0,0.0,0.0,0.0,0.0776051680246989,0.0,0.0,0.0,0.0,0.6839219331741333,0.0
2020-05-22,0.0,0.0,0.18599393963813782,-0.19037011861801148,0.0,0.0,0.0,0.0,0.0,0.0,0.0,-0.1695910096168518,0.0,0.0,0.0,0.0,0.0,0.0,0.0,0.0,0.0,0.0,0.590280893445015,0.0,0.0,0.0,0.0,0.0,0.0
2020-05-23,0.0,0.0,0.0,0.0,0.0,0.0,0.0,0.0,0.0,0.0,0.0,0.0,0.0,0.0,0.0,0.0,0.0,0.0,0.0,0.0,0.0,0.0,0.0,0.0,0.0,0.0,0.0,0.0,0.0
2020-05-24,0.0,0.0,0.0,0.0,0.0,0.0,0.0,0.0,0.0,0.0,0.0,0.0,0.0,0.0,0.0,0.0,0.0,0.0,0.0,0.0,0.0,0.0,0.0,0.0,0.0,0.0,0.0,0.0,0.0
2020-05-25,0.0,0.0,0.0,0.0,0.0,0.0,0.0,0.0,0.0,0.0,0.0,0.0,0.0,0.0,0.0,0.0,0.0,0.0,0.0,0.0,0.0,0.0,0.0,0.0,0.0,0.0,0.0,0.0,0.0
2020-05-26,0.5749343633651733,0.0,0.0,0.4721865653991699,0.8381936848163605,0.9315704107284546,0.46813300251960754,0.0,0.0,0.0,0.0,0.665325254201889,0.0,0.0,0.0,0.0,0.9482663869857788,0.4157721847295761,0.0,0.9315704107284546,0.0,0.0,0.6715278476476669,0.3724084794521332,0.0,0.0,0.0,0.0,0.7796095609664917
2020-05-27,0.33384864330291747,-0.29073113203048706,0.0,0.2694909632205963,0.951690673828125,0.951690673828125,0.9508269429206848,-0.4883282979329427,0.0,0.0,0.0,-0.10255217552185059,0.0,0.0,0.0,0.0,0.0,0.0,0.0,0.951690673828125,0.0,0.0,-0.8937067687511444,0.0,0.0,0.0,0.0,0.0,0.0
2020-05-28,-0.5487822219729424,0.0,0.0,-0.3582794666290283,-0.9453157186508179,-0.31510523955027264,0.0,-0.38263153036435443,0.0,0.0,0.0,-0.31689272075891495,0.0,0.0,0.0,0.0,0.0,0.9488930106163025,0.0,-0.9453157186508179,0.0,0.0,0.547186553478241,0.0,0.8405221104621887,0.0,0.0,0.0,0.505666196346283
2020-05-29,-0.9562061429023743,0.0,0.0,-0.24075938761234283,-0.966073215007782,-0.9352130889892578,0.0,-0.31406785051027936,0.0,0.0,0.0,-0.5851012468338013,0.0,0.0,0.0,-0.9506431519985199,0.0,0.9187981486320496,0.0,0.0,0.0,0.0,0.0,0.0,0.17785388231277466,0.0,0.0,0.0,0.0
2020-05-30,0.0,0.0,0.0,0.0,0.0,0.0,0.0,0.0,0.0,0.0,0.0,0.0,0.0,0.0,0.0,0.0,0.0,0.0,0.0,0.0,0.0,0.0,0.0,0.0,0.0,0.0,0.0,0.0,0.0
2020-05-31,-0.8902448415756226,0.0,0.0,-0.5768036643664042,0.0,0.0,0.0,0.0,0.0,0.0,0.0,0.0,0.0,0.0,0.0,0.0,0.0,0.8625912666320801,0.0,0.0,0.0,0.0,0.8577732443809509,0.0,0.0,0.0,0.0,0.0,0.0
2020-06-01,-0.2451784908771515,0.4164569675922394,0.7684566676616669,0.054875617677515205,0.9435986280441284,0.4717993140220642,0.0,0.9382678270339966,0.0,0.0,0.0,0.22553970416386923,0.0,0.0,0.0,-0.9041774272918701,0.0,0.524051308631897,0.0,0.0,0.0,0.0,0.0,0.0,-0.2749692712511335,0.0,0.0,0.0,0.0
2020-06-02,-0.011948714653650919,0.0,0.0,0.02013300359249115,0.950112521648407,0.0,0.0,0.0,0.0,0.0,0.0,0.8697510361671448,0.0,0.0,0.39217573404312134,0.0,0.0,0.0,0.0,0.0,0.0,0.0,-0.30077365040779114,0.0,0.5757032036781311,0.0,0.0,0.0,0.8485811054706573
2020-06-03,0.0,0.0,0.0,0.0,0.8658236861228943,0.0,0.7933359146118164,0.0,0.0,0.0,0.0,0.0,0.0,0.0,0.0,0.8658236861228943,0.0,0.0,0.9520813822746277,-0.03141321241855621,0.0,0.0,0.0,0.0,0.0,0.0,0.0,0.0,0.9490582346916199
2020-06-04,0.0,0.0,0.0,0.0,0.8767786026000977,0.21589797735214233,0.0,0.0,0.0,0.0,0.0,-0.8208368122577667,0.0,0.0,0.0,-0.5201677680015564,0.0,0.0,0.0,0.0,0.0,0.0,0.0,0.0,0.0,0.0,0.0,0.0,0.0
2020-06-05,0.0,0.0,0.0,0.0,0.9299436509609222,0.9515991806983948,0.9534697532653809,0.0,0.0,0.0,0.0,-0.2919786373774211,0.0,0.0,0.0,0.9459078907966614,0.0,0.0,0.475479394197464,0.331839640935262,0.0,0.7513214349746704,0.0,0.0,0.0,0.0,0.0,0.0,0.0
2020-06-06,0.0,0.0,0.0,0.0,0.0,0.0,0.0,0.0,0.0,0.0,0.0,0.0,0.0,0.0,0.0,0.0,0.0,0.0,0.0,0.0,0.0,0.0,0.0,0.0,0.0,0.0,0.0,0.0,0.0
2020-06-07,0.0,0.0,0.0,0.0,0.0,0.0,0.0,0.0,0.0,0.0,0.0,0.0,0.0,0.0,0.0,0.0,0.0,0.0,0.0,0.0,0.0,0.0,0.0,0.0,0.0,0.0,0.0,0.0,0.0
2020-06-08,0.0,0.9518135786056519,0.0,0.0,0.8978811502456665,0.9403123259544373,0.9114612340927124,0.0,0.0,0.942939043045044,0.0,0.0,0.0,0.0,0.0,0.5923561453819275,0.7476520538330078,0.6254661679267883,0.0,0.9045461416244507,0.0,0.0,-0.3035794297854106,0.0,0.5963785648345947,0.0,0.0,0.0,-0.47336524724960327
2020-06-09,0.43875764310359955,0.0,0.0,0.2370724081993103,-0.8903374075889587,-0.037115514278411865,0.0,0.0,0.0,-0.504030168056488,0.0,0.0,0.0,0.0,-0.48089173436164856,-0.9666236042976379,0.0,-0.48089173436164856,0.0,-0.2745676636695862,0.0,0.0,0.9570684432983398,0.0,0.0,0.0,0.0,0.0,-0.3219591975212097
2020-06-10,0.4089464445908864,0.9217202067375183,0.0,0.44321054220199585,-0.10413968563079834,-0.4815441071987152,0.0,0.9556882381439209,0.0,0.0,0.0,0.34492287039756775,0.0,0.3508637547492981,0.0,0.0,0.0,0.9431434273719788,0.0,-0.9668839573860168,0.0,0.0,0.31856274604797363,0.0,0.08867150545120239,0.0,0.0,0.0,-0.42793886363506317
2020-06-11,0.0,0.0,0.0,0.0,0.0,0.0,0.0,0.0,0.0,0.0,0.0,0.0,0.0,0.0,-0.3870090126991272,-0.9676904082298279,-0.9734342694282532,0.0,-0.0767670472462972,-0.3225634694099426,0.0,-0.9716624617576599,0.0,-0.9734342694282532,-0.019382019837697346,0.0,0.0,-0.9736087322235107,-0.48634499311447144
2020-07-01,0.0,0.0,0.0,0.0,0.0,-0.7761064767837524,0.0,0.0,0.0,0.0,0.0,0.0,0.0,0.0,0.0,0.0,0.0,0.0,-0.931904673576355,0.0,0.0,0.0,0.0,-0.500651478767395,0.5628291964530945,0.0,0.0,0.0,0.0
2020-07-02,-0.9678233861923218,0.0,0.0,0.0,0.0,0.0,0.0,0.0,0.0,0.0,0.0,0.0,0.0,0.0,0.0,0.0,0.0,0.0,0.0,0.7274293899536133,0.7274293899536133,0.0,0.0,0.0,0.0,0.0,0.0,0.0,0.0
2020-07-03,0.0,0.0,0.0,0.0,0.0,0.0,0.0,0.0,0.0,0.0,-0.9005657434463501,0.0,0.0,0.0,0.0,0.0,0.0,0.0,0.0,0.0,0.0,0.0,0.0,0.0,0.0,-0.5489089488983154,0.0,0.0,0.0
2020-07-04,0.0,0.0,0.0,0.0,0.0,0.0,-0.9026579856872559,0.0,0.0,0.0,0.0,0.0,0.0,0.0,0.0,0.0,0.0,0.0,0.0,0.0,0.0,0.0,0.0,0.0,0.0,0.0,0.0,0.0,0.0
2020-07-05,0.0,0.0,0.0,0.0,0.0,0.0,0.0,0.0,0.0,0.0,0.0,0.0,0.0,0.0,0.0,0.0,0.0,0.0,0.0,0.0,0.0,0.0,0.0,0.0,0.0,0.0,0.0,0.0,0.0
2020-07-06,0.0,0.0,0.0,0.14018383622169495,0.0,0.0,-0.8277251720428467,0.0,0.0,0.0,0.0,0.0,0.0,0.0,0.0,0.0,-0.9363130927085876,0.0,0.0,0.0,0.0,0.0,0.0,-0.767156571149826,0.0,0.0,0.0,0.0,0.0
2020-07-07,0.0,0.0,0.0,0.3579082489013672,0.0,-0.5942649841308594,0.0,0.0,0.0,0.0,0.0,0.0,0.0,0.0,0.0,0.0,0.0,0.0,0.0,0.0,0.0,0.0,0.9446359276771545,0.0,0.0,0.0,0.0,0.0,0.0
2020-07-08,0.0,0.0,0.0,0.0,0.0,0.0,0.8365189433097839,0.0,0.0,0.0,0.0,0.0,0.0,0.0,0.0,0.0,0.0,0.0,0.0,0.0,0.0,0.0,0.8211089670658112,0.0,0.0,0.0,0.0,0.0,0.0
2020-07-09,0.0,0.0,0.0,0.0,0.0,0.0,0.0,0.0,0.0,0.0,0.0,0.0,0.0,0.0,0.0,0.0,0.0,0.0,0.0,0.0,0.0,0.0,0.0,0.0,0.0,0.0,0.0,0.0,0.0
2020-07-10,0.0,0.0,0.0,0.0,0.0,0.0,0.0,0.0,0.0,0.0,-0.9601201415061951,0.0,0.0,0.0,0.0,0.0,0.0,0.0,0.0,0.0,0.0,0.0,0.0,0.0,0.0,0.0,0.0,0.0,0.0
2020-07-11,0.0,0.0,0.0,0.0,0.0,0.0,0.0,0.0,0.0,0.0,0.0,0.0,0.0,0.0,0.0,0.0,0.0,0.0,0.0,0.0,0.0,0.0,0.0,0.0,0.0,0.0,0.0,0.0,0.0
2020-07-12,0.0,0.0,0.0,0.0,0.0,0.0,0.0,0.0,0.0,0.0,0.0,0.0,0.0,0.0,0.0,0.0,0.0,0.0,0.0,0.0,0.0,0.0,0.0,0.0,0.0,0.0,-0.5746563673019409,0.0,0.0
2020-07-13,0.0,0.0,0.0,0.39623308181762695,0.0,0.0,0.0,0.0,0.0,0.0,0.0,0.0,0.0,0.0,0.0,0.0,0.9311361312866211,0.0,0.0,0.0,0.0,0.0,0.0,0.5081851363182068,0.0,0.0,0.0,0.0,-0.9714851379394531
2020-07-14,0.0,0.0,0.0,0.0,0.0,0.0,0.0,0.0,0.0,0.0,0.0,0.0,0.0,0.0,0.0,-0.0299014151096344,0.0,0.0,0.26782169938087463,0.0,0.0,0.0,0.0,-0.9380914568901062,0.0,0.0,0.0,0.0,0.0
2020-07-15,0.0,0.0,0.0,0.0,0.0,0.5647992491722107,0.0,0.0,0.0,0.0,-0.8365132808685303,0.0,0.5108403364817301,0.0,0.0,0.46960338950157166,0.0,0.0,0.0,0.0,0.0,0.0,0.0,0.0,0.0,0.0,0.0,0.0,0.0
2020-07-16,0.0,0.0,0.0,0.0,0.0,-0.9327745139598846,0.0,0.0,0.0,0.0,0.0,0.0,0.0,0.0,0.0,-0.9487377405166626,0.0,0.0,0.0,0.0,0.0,0.0,0.0,0.0,0.0,0.0,0.0,0.0,0.0
2020-07-17,0.0,0.0,0.0,0.0,0.0,0.0,0.0,0.0,0.0,0.0,0.0,0.0,0.0,0.0,0.0,0.0,0.0,0.0,0.0,-0.8630731701850891,0.0,0.0,0.49318626523017883,0.0,0.0,0.0,-0.3413034677505493,0.0,0.0
2020-07-18,0.0,0.0,0.0,0.0,0.0,0.0,0.0,0.0,0.0,0.0,0.0,0.0,0.0,0.0,0.0,0.0,0.0,0.0,0.0,0.0,0.0,0.0,0.0,0.0,0.0,0.0,0.0,0.0,0.0
2020-07-19,0.0,0.0,0.0,0.0,0.0,0.0,0.0,0.0,0.0,0.0,0.0,0.0,0.0,0.0,0.0,0.0,0.0,0.0,0.0,0.0,0.0,0.0,0.0,0.0,0.0,0.0,0.0,0.0,0.0
2020-07-20,0.0,0.0,0.0,0.0,0.0,0.0,0.0,0.39931735396385193,0.07439658641815186,0.0,0.0,0.0,0.0,0.0,0.0,0.0,0.0,0.0,0.0,0.0,0.0,0.0,0.0,0.0,0.0,0.0,0.0,0.0,0.0
2020-07-21,0.0,0.0,0.0,0.0,0.0,0.0,0.0,0.0,0.0,0.0,0.0,0.0,0.0,0.0,0.0,0.0,-0.4741115868091583,0.0,0.0,0.0,0.0,0.0,0.0,0.0,0.0,0.0,0.0,0.0,0.0
2020-07-22,0.0,0.0,0.0,0.0,0.0,0.0,0.0,0.0,0.0,0.0,0.0,0.0,0.0,0.0,0.0,0.7285308837890625,0.0,0.0,0.0,0.0,0.9238650798797607,-0.6676710247993469,0.0,0.0,0.0,0.0,0.0,0.0,0.0
2020-07-23,0.0,0.0,0.0,0.0,0.0,0.0,0.0,0.0,0.0,0.0,0.0,0.0,0.0,0.0,0.0,0.0,0.0,0.0,0.0,0.0,0.0,0.0,0.0,0.0,0.0,0.02369186282157898,0.0,0.0,0.0
2020-07-24,0.0,0.0,0.0,0.0,0.0,0.0,0.0,0.0,0.0,0.0,0.0,0.0,0.0,0.0,0.0,0.0,0.0,0.0,0.0,0.0,0.0,0.0,0.0,0.0,0.0,0.0,0.0,0.0,0.8481094241142273
2020-07-26,0.0,0.0,0.0,0.0,0.0,0.0,0.0,0.0,0.0,0.0,0.0,0.0,0.0,0.0,0.0,0.0,0.0,0.0,0.0,0.0,0.0,0.0,0.0,0.0,0.0,0.0,0.0,0.0,0.0
2020-07-27,0.0,0.0,0.0,0.0,0.0,0.0,0.0,0.0,0.0,0.0,0.0,0.0,0.0,0.0,0.0,0.0,0.0,0.0,0.8653149604797363,0.0,0.0,0.0,0.0,0.0,0.0,0.0,0.0,-0.9315745234489441,0.0
2020-07-28,0.0,0.0,0.0,0.0,0.0,0.0,0.0,0.0,0.0,0.0,0.0,0.0,0.0,0.0,0.0,0.0,0.0,0.0,-0.9704540967941284,-0.37952035665512085,0.0,0.0,0.0,0.0,0.0,0.0,0.0,0.0,0.0
2020-07-29,0.0,0.0,0.0,0.0,0.0,0.0,0.0,0.0,0.0,0.0,0.0,0.0,0.0,0.0,0.0,0.0,0.0,0.0,0.0,0.0,0.0,0.0,0.0,0.0,0.0,0.0,-0.35833898186683655,0.0,0.0
2020-07-30,0.32791391015052795,0.0,0.0,0.0,0.0,0.0,0.0,0.0,0.0,0.0,0.0,0.0,0.0,0.0,0.0,0.0,0.0,-0.9485207200050354,0.0,0.0,0.0,0.0,0.0,0.0,0.0,0.8795214295387268,0.0,0.0,0.0
2020-07-31,0.0,0.0,0.0,0.0,0.0,0.0,-0.966940701007843,0.0,-0.9504100680351257,0.0,0.0,0.0,0.0,0.0,0.0,0.0,0.0,0.0,0.0,0.0,0.0,0.0,0.0,0.0,0.0,0.0,0.0,0.0,0.0
2020-08-01,0.0,0.0,0.0,0.0,0.0,0.0,0.0,0.0,0.0,0.0,0.0,0.0,0.0,0.0,0.0,0.0,0.0,0.0,0.0,0.0,0.0,0.0,0.0,0.0,0.0,0.0,0.0,0.0,0.0
2020-08-02,0.0,0.0,0.0,0.0,0.0,0.0,0.0,0.0,0.0,0.0,0.0,0.0,0.0,0.0,0.0,0.0,0.0,0.0,0.0,0.6212271451950073,0.0,0.0,0.0,0.0,0.0,0.0,0.0,0.0,0.0
2020-08-03,0.0,0.0,0.0,0.0,0.0,0.0,0.0,0.0,0.0,0.0,0.0,0.0,0.0,0.0,0.9271430969238281,0.0,0.0,0.482424795627594,0.0,0.482424795627594,0.0,0.0,0.0,0.0,0.0,0.0,0.0,0.0,0.0
2020-08-04,0.7782795429229736,0.0,0.0,0.0,0.0,0.0,0.0,0.0,0.0,0.0,0.0,0.22022376457850137,0.0,0.21578182776769003,-0.6074562668800354,0.0,0.0,0.0,0.0,0.0,0.0,0.0,0.0,0.0,0.0,0.0,0.0,0.0,0.0
2020-08-05,0.0,0.0,0.0,0.0,0.0,0.0,0.0,0.0,0.0,0.0,0.0,0.0,0.0,0.0,0.0,0.0,0.0,0.0,0.0,0.0,0.0,0.0,0.0,0.0,0.0,0.0,0.0,0.0,0.0
2020-08-06,0.0,0.0,0.0,0.0,0.0,0.0,0.0,0.0,-0.9278575778007507,0.0,0.0,0.0,0.0,0.0,0.0,0.0,0.0,0.0,0.0,0.0,0.0,-0.7668994069099426,0.0,0.7490967512130737,0.0,0.0,0.0,0.0,-0.7777922749519348
2020-08-07,0.0,0.0,0.0,0.0,0.0,0.0,0.0,0.0,0.0,0.0,0.0,0.0,0.0,0.0,0.0,0.0,0.0,0.0,0.0,0.0,0.0,0.0,0.0,0.0,0.0,0.0,0.0,0.0,0.0
2020-08-08,0.0,0.0,0.0,0.0,0.0,0.0,0.0,0.0,0.0,0.0,0.0,0.0,0.0,-0.44560226798057556,0.0,0.0,0.0,0.0,0.0,0.0,0.0,0.0,0.0,0.0,0.0,0.0,0.0,0.0,0.0
2020-08-09,0.0,0.0,0.0,0.0,0.0,0.0,0.0,0.0,0.0,0.0,0.0,0.0,0.0,0.0,0.0,0.0,0.0,0.0,0.0,0.0,0.0,0.0,0.0,0.0,0.0,0.0,0.0,0.0,0.0
2020-08-10,0.0,0.0,0.0,0.0,0.0,0.0,0.0,0.0,0.0,0.0,-0.4383389353752136,0.0,0.0,0.0,0.0,0.0,0.0,0.0,-0.5941523790359498,0.0,0.0,0.0,0.0,0.0,0.0,0.0,0.0,0.0,0.0
2020-08-11,0.0,0.95591139793396,0.0,0.0,0.0,0.0,0.0,0.0,0.0,0.0,0.0,0.0,0.0,0.0,0.0,0.0,0.0,0.0,-0.7934212684631348,0.0,0.0,0.0,0.0,0.0,0.0,0.0,0.0,0.0,0.0
2020-08-12,0.0,0.0,0.0,0.0,0.0,0.0,0.0,0.0,0.0,0.0,0.0,0.0,0.0,0.0,0.0,0.0,0.0,0.0,0.0,0.0,0.0,0.0,0.0,0.0,0.0,0.0,0.0,0.0,0.0
2020-08-13,0.0,0.0,0.0,0.0,0.0,0.0,0.0,0.0,0.0,0.0,0.0,0.0,0.0,0.0,0.0,0.0,0.0,0.0,0.0,0.0,0.0,0.0,0.0,0.0,0.0,0.6921856999397278,0.0,0.0,0.0
2020-08-14,0.0,0.0,0.0,0.0,0.0,0.0,0.0,0.0,0.0,0.0,0.0,0.0,0.0,0.0,0.0,0.0,0.0,0.0,0.0,0.0,0.0,0.0,0.0,0.0,0.0,0.0,0.0,0.0,0.0
2020-08-16,0.0,0.0,0.0,0.0,0.0,0.0,0.0,0.0,0.0,0.0,0.0,0.0,0.0,0.0,0.0,0.0,0.0,0.0,-0.8376456499099731,0.0,0.0,0.0,0.0,0.0,0.0,0.0,0.0,0.0,0.0
2020-08-17,0.0,0.0,0.0,0.0,0.0,0.0,0.0,0.0,0.0,0.0,0.0,0.0,0.0,0.0,0.0,0.0,0.0,0.0,0.0,0.0,0.0,0.0,0.0,0.0,0.0,0.0,-0.8782107830047607,0.0,0.0
2020-08-18,0.0,0.0,0.0,0.0,0.0,0.0,0.0,0.0,0.0,0.0,0.0,0.0,0.0,0.0,0.0,0.0,0.0,0.0,0.0,0.0,0.0,0.0,0.0,0.0,0.0,0.0,0.0,0.0,0.0
2020-08-19,0.0,0.0,0.0,0.0,0.0,0.0,0.0,0.0,0.0,0.0,0.0,0.0,0.0,0.0,0.8429868817329407,0.0,0.0,0.0,0.0,0.0,0.0,0.0,0.0,0.0,0.0,0.0,0.0,0.0,0.0
2020-08-20,0.0,0.0,0.0,0.0,0.0,0.0,0.8594033122062683,0.0,0.0,0.0,0.0,0.0,0.0,0.0,0.0,0.0,0.0,0.0,0.0,0.0,0.0,0.0,0.0,0.0,0.0,0.0,0.0,0.0,0.0
2020-08-21,0.30271464586257935,0.0,0.0,0.0,0.0,0.0,0.0,0.0,0.0,0.0,0.3033517797787984,0.0,0.0,0.0,0.0,0.0,0.0,0.0,0.0,0.0,0.0,0.0,0.4263562560081482,0.0,0.0,0.0,0.0,0.0,0.0
2020-08-22,0.0,0.0,0.0,0.0,0.0,0.0,0.0,0.0,0.0,0.0,0.0,0.0,0.0,0.0,0.0,0.0,0.0,0.0,0.0,0.0,0.0,0.0,0.0,0.0,0.0,0.0,0.0,0.0,0.0
2020-08-23,0.0,0.0,0.0,0.0,0.0,0.0,0.0,0.0,0.0,0.0,0.0,0.0,0.0,0.0,0.0,0.0,0.0,0.0,0.0,0.0,0.0,0.0,0.0,0.0,0.0,0.0,0.0,0.0,0.0
2020-08-24,0.0,0.0,0.0,0.0,0.0,0.0,0.0,-0.40389707684516907,0.0,0.0,0.0,0.0,0.0,0.0,0.0,0.0,0.0,0.0,0.0,0.0,0.0,0.0,0.0,0.0,0.0,0.0,0.0,0.0,0.0
2020-08-25,0.0,0.9094398319721222,0.0,0.0,0.0,0.0,0.0,0.0,0.0,0.0,0.0,0.0,0.0,0.0,0.0,0.0,0.0,0.0,0.0,0.0,0.0,0.0,0.0,0.4631447196006775,0.0,0.0,0.0,0.0,-0.2942857471379367
2020-08-26,0.0,0.0,0.0,-0.6670240163803101,0.0,0.0,0.0,0.0,0.0,0.0,0.0,0.0,0.0,0.0,0.0,0.0,0.0,0.0,0.0,0.0,0.0,0.0,0.0,0.7129489779472351,0.0,0.0,0.0,0.0,0.0
2020-08-27,0.0,0.0,0.0,0.0,0.0,0.0,0.0,0.0,0.0,0.0,0.0,0.0,0.0,0.0,0.0,0.0,0.0,0.0,0.0,0.0,0.0,0.0,0.9513356685638428,0.0,-0.6942135095596313,0.0,0.0,0.0,-0.6942135095596313
2020-08-28,0.0,0.0,0.0,0.0,0.0,0.0,0.0,0.0,0.0,0.0,0.0,0.0,0.0,0.0,0.0,0.0,0.0,0.0,0.0,0.0,0.0,0.0,0.0,0.0,0.0,-0.9449111223220825,0.0,0.0,0.0
2020-08-29,0.0,0.0,0.0,0.0,0.0,0.0,0.0,0.0,0.0,0.0,0.0,0.0,0.0,0.0,0.0,0.0,0.0,0.0,0.0,0.0,0.0,0.0,0.0,0.0,0.0,0.0,0.0,0.0,0.0
2020-08-30,0.0,0.0,0.0,0.0,0.0,0.0,0.0,0.0,0.0,0.0,0.0,0.0,0.0,0.0,0.0,0.0,0.0,0.0,0.0,0.0,0.0,0.0,0.0,0.0,0.0,0.0,0.0,0.0,0.0
2020-08-31,0.0,0.0,0.0,0.0,0.0,0.0,0.0,0.0,0.0,-0.7179308533668518,0.0,0.0,0.0,0.0,0.0,0.0,0.0,0.0,0.0,0.0,0.0,0.0,0.0,0.0,0.0,0.0,0.0,0.0,0.0
2020-09-01,0.0,0.0,0.0,0.0,0.0,0.0,0.0,0.0,0.0,0.0,0.0,0.0,0.0,0.0,0.0,0.0,0.0,0.0,-0.8510987758636475,0.0,0.0,0.0,0.0,0.0,0.0,0.0,0.0,0.0,-0.807598888874054
2020-09-02,0.0,0.0,0.0,0.0,0.0,0.0,0.0,0.0,0.0,0.0,0.0,0.0,0.0,0.0,0.0,0.0,0.0,0.0,0.0,0.0,0.0,0.0,0.0,0.0,0.3989901840686798,0.0,0.0,0.0,0.0
2020-09-03,0.0,0.0,0.0,0.0,0.0,0.0,0.0,0.0,0.0,0.0,0.0,0.0,0.0,0.0,0.7707379460334778,0.0,0.0,0.0,0.0,-0.959542453289032,-0.959542453289032,0.0,0.0,0.0,0.0,0.0,0.0,0.0,0.0
2020-09-04,0.0,0.0,0.0,0.0,0.0,0.0,0.0,0.0,0.0,0.0,0.0,0.0,0.0,0.0,0.0,0.0,0.0,0.0,0.0,0.0,0.0,0.0,0.0,0.0,0.0,0.0,0.0,-0.8916720151901245,0.0
2020-09-05,0.0,0.0,0.0,0.0,0.0,0.0,0.0,0.0,0.0,0.0,0.0,0.0,0.0,0.0,0.0,0.0,0.0,0.0,0.0,0.0,0.0,0.0,0.0,0.0,0.0,0.0,0.0,0.0,0.0
2020-09-06,0.0,0.0,0.0,0.0,0.0,0.0,0.0,0.0,0.0,0.0,0.0,0.0,0.0,0.0,0.0,0.0,0.0,0.0,0.0,0.0,0.0,0.0,0.0,0.0,0.0,0.0,0.0,0.0,0.0
2020-09-07,0.0,0.0,0.0,0.0,0.0,0.0,0.0,0.0,0.0,0.0,0.0,0.0,0.0,0.0,0.0,0.0,0.0,0.0,0.0,0.0,0.0,0.7858813405036926,0.0,0.0,0.0,0.0,0.0,0.0,0.0
2020-09-08,0.0,0.673026978969574,0.0,0.0,0.0,0.0,0.0,0.0,0.0,0.0,-0.9233013987541199,0.0,0.0,0.0,0.0,0.0,0.0,0.0,0.0,0.0,0.0,0.0,0.0,0.0,0.0,0.0,0.0,0.0,-0.9571933746337891
2020-09-09,0.0,0.0,0.0,0.0,0.0,0.0,0.0,0.0,0.0,0.0,0.0,0.0,0.0,0.0,0.0,0.0,0.0,0.0,0.0,0.0,0.0,0.0,0.0,0.0,0.0,0.0,0.0,0.0,0.0
2020-09-10,0.0,0.0,0.0,0.0,0.0,0.0,0.0,0.0,0.0,0.0,0.0,0.0,0.0,0.0,0.0,0.0,0.0,0.0,-0.76446533203125,0.0,0.0,0.0,0.0,-0.3542288839817047,0.0,0.0,-0.5233041048049927,0.0,0.0
2020-09-11,0.0,-0.4177394211292267,0.0,0.0,0.0,0.0,0.0,0.0,0.0,0.0,0.0,0.0,0.0,0.0,0.0,0.0,0.0,0.0,0.0,0.0,0.0,0.0,0.0,0.0,0.0,0.0,0.0,0.0,0.0
2020-09-13,0.0,0.0,0.0,0.0,0.0,0.0,0.0,0.0,0.0,0.0,0.0,0.0,0.0,0.0,0.0,0.0,0.0,0.0,0.0,0.7868912220001221,0.0,0.0,0.8626042604446411,0.0,0.0,0.0,0.0,0.0,0.0
2020-09-14,0.0,0.0,0.0,0.0,0.0,0.0,-0.5810335725545883,0.0,0.0,0.0,0.0,0.0,0.9480927586555481,0.0,0.0,0.0,0.6128857731819153,0.0,0.0,0.7590106129646301,0.0,0.0,0.7467995285987854,0.30644288659095764,0.0,0.0,0.0,0.0,0.0
2020-09-15,0.0,0.0,0.0,0.0,0.0,0.0,0.0,0.0,0.0,0.0,0.0,0.0,0.0,0.0,0.0,0.0,0.0,0.0,0.0,0.0,0.0,0.0,0.0,0.0,0.0,0.0,-0.2631027400493622,0.0,0.0
2020-09-16,-0.8485259413719177,0.0,0.43570929765701294,-0.9614773392677307,0.0,0.0,0.0,-0.39573320746421814,0.0,0.0,-0.04943031072616577,0.0,0.0,0.0,0.0,0.0,0.0,0.0,0.0,0.0,0.0,-0.635061502456665,0.0,0.0,0.0,0.0,0.0,0.0,0.0
2020-09-17,0.0,0.0,0.0,-0.3014974296092987,0.0,0.0,0.0,0.0,0.0,0.0,0.0,0.6735248565673828,0.0,0.0,-0.7663828730583191,0.0,0.0,0.0,-0.20477851231892905,0.0,0.0,0.0,0.0,0.0,0.0,0.0,0.0,0.0,0.0
2020-09-18,0.0,0.0,0.0,0.0,0.0,0.0,0.0,0.0,0.0,0.0,0.0,0.0,0.0,0.0,0.0,0.0,0.0,0.0,0.0,0.0,0.0,0.0,0.0,0.0,0.0,0.0,0.0,0.0,0.0
2020-09-19,0.0,0.0,0.0,0.0,0.0,0.0,0.0,0.0,0.0,0.0,0.0,0.0,0.0,0.0,0.0,0.0,0.0,0.0,0.0,0.0,0.0,0.0,0.0,0.0,0.0,0.0,0.0,0.0,0.0
2020-09-20,0.0,0.0,0.0,0.0,0.0,0.0,0.0,0.0,0.0,0.0,0.0,0.0,0.0,0.0,0.0,0.0,0.0,0.0,0.0,0.0,0.0,0.0,0.0,0.0,0.0,0.0,0.0,0.0,0.0
2020-09-21,0.0,0.0,0.0,0.0,0.0,0.0,0.0,0.0,0.0,0.0,0.0,0.8657259345054626,0.0,0.0,0.0,0.0,0.0,0.0,0.0,0.0,0.0,0.0,0.0,0.0,0.0,0.0,0.0,0.0,0.0
2020-09-22,0.0,0.0,0.0,0.0,0.0,0.0,0.0,0.0,0.0,0.0,0.30503425002098083,0.0,0.0,0.0,0.0,0.0,0.0,0.0,0.0,0.8610726594924927,0.0,0.0,0.0,0.0,0.0,0.0,0.0,0.0,0.0
2020-09-23,0.0,0.0,0.0,0.0,-0.8592312037944794,0.0,0.0,0.0,-0.9265518188476562,0.0,0.0,0.0,-0.4600193053483963,0.0,-0.966315507888794,0.0,0.0,0.0,0.0,0.0,0.0,0.0,0.0,0.0,0.0,0.2843163013458252,0.0,0.0,-0.9265518188476562
2020-09-24,0.0,0.0,0.0,0.0,0.0,0.0,0.0,0.0,0.0,0.0,0.0,0.0,0.0,0.0,0.0,0.0,0.0,0.0,0.0,0.0,0.6691206693649292,0.0,0.0,0.0,0.0,0.0,0.0,0.0,0.0
2020-09-25,0.0,0.0,0.0,0.0,0.0,0.0,0.0,0.0,0.0,0.0,0.0,0.0,0.0,0.0,0.0,0.0,0.0,0.0,0.0,0.0,0.0,0.0,0.0,0.0,0.0,0.0,0.5430063605308533,0.0,0.0
2020-09-26,0.0,0.0,0.0,0.0,0.0,0.0,0.0,0.0,0.0,0.0,0.0,0.0,0.0,0.0,0.0,0.0,0.0,0.0,0.0,0.0,0.0,0.0,0.0,0.0,0.0,0.0,0.0,0.0,0.0
2020-09-27,0.0,0.0,0.0,0.0,0.0,0.0,0.0,0.0,0.0,0.0,0.0,0.0,0.0,0.0,0.0,0.0,0.0,0.0,0.0,0.0,0.0,0.0,0.0,0.0,0.0,0.0,0.0,0.0,0.0
2020-09-28,0.0,0.0,0.0,0.0,0.0,0.0,0.0,0.0,0.0,0.0,0.0,0.0,0.0,0.0,0.0,0.0,0.0,0.0,0.0,0.0,0.0,0.0,0.0,0.887948751449585,0.0,0.0,0.0,0.0,0.0
2020-09-29,0.0,0.0,0.0,0.0,0.895632266998291,0.0,0.0,0.0,0.0,0.0,0.0,0.0,0.0,0.0,0.0,0.0,0.0,0.0,0.0,0.0,0.0,0.0,0.0,0.0,0.0,0.0,0.0,0.0,0.0
2020-09-30,0.0,0.0,0.0,0.0,0.0,0.0,0.0,0.0,0.0,0.0,0.0,0.0,0.0,0.0,0.0,0.0,0.0,0.0,0.0,0.0,0.0,0.0,0.0,0.0,0.0,0.0,0.0,0.0,0.0
2020-10-01,0.0,-0.9107905626296997,0.0,0.0,0.0,0.0,0.0,0.0,0.0,0.7999664545059204,0.0,0.0,0.0,0.0,0.0,0.0,0.0,0.0,0.0,0.0,0.0,0.0,0.0,0.0,0.0,0.0,0.0,0.0,0.0
2020-10-02,0.0,0.0,0.0,0.0,0.0,0.0,0.0,0.0,0.5798772573471069,0.0,0.0,0.0,0.0,0.0,0.0,0.0,0.0,0.0,0.0,0.0,0.0,0.0,0.0,0.0,0.0,0.0,0.0,0.0,0.0
2020-10-03,0.0,0.0,0.0,0.0,0.0,0.0,0.0,0.0,0.0,0.0,0.0,0.0,0.0,0.0,0.0,0.0,0.0,0.0,0.0,0.0,0.0,0.0,0.0,0.0,0.0,0.0,0.0,0.0,0.0
2020-10-04,0.0,0.0,0.0,0.0,0.0,0.0,0.0,0.0,0.0,0.0,0.0,0.0,0.0,0.0,0.0,0.0,0.0,0.0,0.0,0.0,0.0,0.0,0.0,0.0,0.0,0.0,0.0,0.0,0.0
2020-10-05,0.0,0.0,0.0,0.0,0.0,0.0,0.0,0.0,0.0,0.0,0.0,0.0,-0.28103065490722656,0.0,0.0,0.0,0.0,0.0,0.0,0.0,0.0,0.0,0.0,0.0,0.0,0.0,0.0,0.0,0.0
2020-10-06,0.0,0.0,0.0,0.0,0.0,0.0,0.0,0.0,0.0,0.0,0.0,0.0,0.0,0.0,0.0,0.0,0.0,0.0,0.0,0.0,0.0,0.0,0.0,0.0,0.0,0.0,0.0,0.0,0.0
2020-10-07,0.0,0.0,0.0,0.0,0.0,0.0,0.0,0.0,0.7616555690765381,0.0,0.0,0.0,0.0,0.0,0.0,0.0,0.0,0.0,0.0,0.0,0.0,0.0,0.8185113668441772,0.0,0.0,0.0,0.0,0.0,0.8354387581348419
2020-10-08,0.0,0.0,0.0,0.0,0.0,0.0,0.0,0.0,0.0,0.0,0.0,0.0,0.0,0.0,0.0,0.0,0.0,0.0,0.7792865037918091,0.0,0.0,0.0,0.0,0.0,0.0,0.0,0.0,0.0,0.0
2020-10-09,0.0,0.0,0.0,0.0,0.0,0.0,0.0,0.0,0.0,0.0,0.0,0.0,0.0,0.0,0.0,0.0,0.0,0.0,0.0,0.0,0.0,0.0,0.0,0.7688881158828735,0.0,0.0,0.0,0.0,0.0
2020-10-10,0.0,0.0,0.0,0.0,0.0,0.0,0.0,0.0,0.0,0.0,0.0,0.0,0.0,0.0,0.0,0.0,0.0,0.0,0.0,0.0,0.0,0.0,0.0,0.0,0.0,0.0,0.0,0.0,0.0
2020-10-11,0.0,0.0,0.0,0.0,0.0,0.0,0.0,0.0,0.0,0.0,0.0,0.0,0.0,0.0,0.0,0.0,0.0,0.0,0.0,0.0,0.0,0.0,0.0,0.0,0.0,0.0,0.0,0.0,0.0
2020-10-12,0.0,0.0,0.0,0.0,0.0,0.0,0.0,0.0,0.0,0.0,0.0,0.0,0.0,0.0,0.0,0.0,0.0,0.0,0.0,0.0,0.0,0.0,0.0,0.0,0.0,0.0,0.0,0.0,0.0
2020-10-13,0.0,0.0,0.0,0.0,0.0,0.0,0.0,0.0,0.0,0.0,0.0,0.0,0.0,0.0,0.8783814907073975,0.0,0.0,0.0,0.0,0.0,0.0,0.0,0.0,0.0,0.0,0.0,0.0,0.0,0.0
2020-10-14,0.0,0.0,0.0,0.0,0.0,0.0,0.0,0.0,0.0,0.0,0.0,0.0,0.0,0.0,0.47955718636512756,0.0,0.0,0.0,0.0,0.0,0.0,0.0,0.0,0.0,0.0,0.0,0.0,0.0,0.0
2020-10-15,0.6818644404411316,0.0,0.0,0.0,0.0,0.0,0.0,0.0,0.0,0.0,0.0,0.0,0.0,0.0,0.0,0.0,0.0,0.0,0.0,0.0,0.0,0.0,0.0,0.0,0.0,0.0,0.0,0.0,0.0
2020-10-16,0.0,0.0,0.0,0.0,0.0,0.0,0.0,0.0,0.0,0.0,0.0,0.0,0.0,0.0,0.0,-0.3857469856739044,0.0,0.0,0.0,0.0,0.0,0.0,0.0,0.0,0.0,0.0,0.0,0.0,0.0
2020-10-17,0.0,0.0,0.0,0.0,0.0,0.0,0.0,0.0,0.0,0.0,0.0,0.0,0.0,0.0,0.0,0.0,0.0,0.0,0.0,0.0,0.0,0.0,0.0,0.0,0.0,0.0,0.0,0.0,0.0
2020-10-18,0.0,0.0,0.0,0.0,0.0,0.0,0.0,0.0,0.0,0.0,0.0,0.0,0.0,0.0,0.0,0.0,0.0,0.0,0.0,0.0,0.0,0.0,0.0,0.0,0.0,0.41669487953186035,0.0,0.0,0.0
2020-10-19,0.0,0.0,0.0,0.0,0.0,0.0,0.0,0.0,0.0,0.0,0.0,0.0,0.0,0.0,0.0,0.0,0.0,0.0,0.0,0.0,0.0,0.0,0.0,0.0,0.0,0.0,0.0,0.0,0.0
2020-10-20,0.5166453123092651,0.0,0.0,0.0,0.0,0.0,0.0,0.0,0.0,0.0,0.0,0.0,0.0,0.0,0.0,0.0,0.0,0.0,0.0,0.0,0.0,0.9130304455757141,0.0,0.0,0.0,0.4489906430244446,0.0,0.0,-0.62114417552948
2020-10-21,0.0,0.0,0.0,0.0,0.0,0.0,0.0,0.0,0.0,0.0,0.0,0.0,0.0,0.0,0.0,0.0,0.0,0.0,0.0,0.0,0.0,0.0,0.0,0.0,0.0,0.0,0.0,0.0,0.0
2020-10-22,0.0,0.0,0.0,0.0,0.0,0.0,0.0,0.0,0.0,0.0,0.0,0.0,0.0,0.0,0.0,0.0,-0.00031296412150065106,0.0,0.0,0.0,0.0,0.0,0.0,0.0,0.0,0.0,0.0,0.0,0.0
2020-10-23,0.0,0.0,0.0,0.0,0.0,0.0,0.0,0.0,0.0,0.0,0.0,0.0,0.0,0.0,0.0,0.0,0.0,0.0,0.0,0.0,0.0,0.0,0.0,0.0,0.0,0.0,0.0,0.0,0.0
2020-10-24,0.0,0.0,0.0,0.0,0.0,0.0,0.0,0.0,0.0,0.0,0.0,0.0,0.0,0.0,0.0,0.0,0.0,0.0,0.0,0.0,0.0,0.0,0.0,0.0,0.0,0.0,0.0,0.0,0.0
2020-10-26,0.0,0.0,0.0,0.0,0.0,0.0,0.0,0.0,0.0,0.0,0.0,0.0,0.0,0.0,0.0,0.0,0.0,0.0,0.0,0.0,0.0,0.0,0.0,0.0,0.0,0.0,0.0,0.0,0.0
2020-10-27,0.0,0.0,0.0,0.0,0.0,0.0,-0.48612692952156067,0.0,0.0,0.0,0.0,0.0,0.0,0.0,0.0,0.7028237581253052,0.0,-0.9623743295669556,0.0,0.0,-0.9683647751808167,0.0,0.0,0.0,0.0,0.0,0.0,0.0,0.0
2020-10-28,0.0,0.0,0.0,0.0,0.0,0.0,0.0,0.0,0.0,0.0,0.8646225929260254,0.0,0.0,0.0,0.0,0.0,0.0,0.0,0.0,0.0,0.0,0.0,0.0,0.0,0.0,0.0,0.0,0.0,0.0
2020-10-29,0.0,0.0,0.0,0.0,0.0,0.0,0.0,0.0,0.0,0.0,0.0,-0.8076490163803101,0.0,0.0,0.0,0.0,0.0,0.0,0.0,0.0,0.0,0.0,0.0,0.0,0.0,0.0,0.0,0.0,-0.959418773651123
2020-10-30,-0.9587410092353821,0.6145703196525574,0.0,0.0,0.0,0.0,0.0,0.0,0.0,0.0,0.0,0.0,0.0,0.0,0.0,0.0,0.0,0.0,0.0,0.0,0.0,0.0,0.0,0.0,0.0,0.0,0.0,0.0,0.0
2020-10-31,0.0,0.0,0.0,0.0,0.0,0.0,0.0,0.0,-0.9560495018959045,0.0,0.0,0.0,0.0,0.0,0.0,0.0,0.0,0.0,0.0,0.0,0.0,0.0,0.0,0.0,0.0,0.0,0.0,0.0,0.0
2020-11-01,0.0,0.0,0.0,0.0,0.0,0.0,0.0,0.0,0.0,0.0,0.0,0.0,0.0,0.0,0.0,0.0,0.0,0.0,0.0,0.0,0.0,0.0,0.0,0.0,0.0,0.0,0.0,0.0,0.0
2020-11-02,0.0,0.0,0.0,0.0,0.0,0.0,0.0,0.0,0.0,0.0,0.0,0.0,0.0,0.0,0.0,0.0,0.0,0.0,0.0,0.0,0.0,0.0,0.0,0.0,0.0,0.0,0.0,0.0,0.0
2020-11-03,0.0,0.0,0.0,0.0,0.0,0.0,0.0,0.0,0.0,0.0,0.0,0.0,0.0,0.0,0.0,0.0,0.0,0.0,0.0,0.0,0.0,0.0,0.0,0.0,0.0,0.0,0.0,0.0,0.0
2020-11-04,0.0,0.0,0.0,0.0,0.0,0.0,0.0,0.0,0.0,0.0,0.0,0.0,0.0,0.0,0.0,0.0,0.0,0.0,0.0,0.0,0.0,0.0,0.0,0.0,0.0,0.0,0.0,0.0,0.0
2020-11-05,0.0,0.0,0.0,0.0,0.0,0.0,0.0,0.0,0.0,0.0,0.0,0.0,0.0,0.0,0.0,0.0,0.0,0.0,0.0,0.0,0.0,0.0,0.0,0.0,0.0,0.0,0.0,0.0,0.0
2020-11-06,0.0,0.0,0.0,0.0,0.0,0.0,0.0,0.0,0.0,0.0,0.0,0.0,0.0,0.0,0.0,0.0,0.0,0.0,0.0,0.0,0.0,0.0,0.0,0.0,0.0,0.0,0.0,0.0,0.0
2020-11-08,0.0,0.0,0.0,0.0,0.0,0.0,0.0,0.0,0.0,0.0,0.0,0.0,0.0,0.0,0.0,0.0,0.0,0.0,0.0,0.0,0.0,0.0,0.0,0.0,0.5341079831123352,0.0,0.0,0.0,0.0
2020-11-09,0.8314875960350037,0.0,0.0,0.0,0.0,0.0,0.0,0.0,0.0,0.44140201807022095,0.0,0.0,0.0,0.0,0.0,0.0,0.0,0.0,-0.1045922835667928,0.0,0.0,0.0,0.0,0.0,0.0,0.0,0.0,0.0,0.0
2020-11-10,0.0,0.0,0.0,0.0,0.0,0.0,0.0,0.0,0.0,0.0,0.0,0.0,0.0,0.0,0.0,0.0,0.0,0.0,0.0,0.0,0.0,0.0,0.0,0.0,0.0,0.0,0.0,0.0,0.0
2020-11-11,0.0,0.0,0.0,0.0,0.0,0.0,0.0,0.0,0.0,0.0,0.0,0.0,-0.6065099239349365,0.0,0.0,0.0,0.0,0.0,0.0,0.0,0.0,0.0,0.0,0.0,0.11297740042209625,0.0,0.0,0.0,0.0
2020-11-12,0.0,0.0,0.0,0.0,0.0,0.0,0.0,0.0,0.0,0.0,0.0,0.0,0.0,0.0,0.0,0.0,0.0,0.0,0.0,0.0,0.0,0.0,0.0,0.0,0.0,0.0,0.0,0.0,0.0
2020-11-13,0.0,0.0,0.0,0.0,0.0,0.0,0.0,0.0,0.0,0.0,0.0,0.0,0.0,0.0,0.0,0.0,0.0,0.0,0.0,0.0,0.0,0.0,0.0,0.0,-0.17705976963043213,0.0,0.0,0.0,0.0
2020-11-14,0.0,0.0,0.0,0.0,0.0,0.0,0.0,0.0,0.0,0.0,0.0,0.0,0.0,0.0,0.0,0.0,0.0,0.0,0.0,0.0,0.0,0.0,0.0,0.0,0.0,0.0,0.0,0.0,0.0
2020-11-15,0.0,0.0,0.0,0.0,0.0,-0.5449250340461731,0.0,0.0,0.0,0.0,0.0,0.0,0.0,0.0,0.0,0.0,0.0,0.0,0.0,0.0,0.0,0.0,0.0,0.0,0.0,0.0,-0.5504328608512878,0.0,0.0
2020-11-16,0.0,0.0,0.0,0.0,0.0,0.0,0.0,0.0,0.0,0.0,0.0,0.0,0.0,0.24116854866345724,0.0,0.0,0.0,0.0,0.0,0.0,0.0,0.0,0.4545287489891052,0.0,0.0,0.0,0.0,0.0,0.0
2020-11-17,0.0,-0.23306578397750854,0.0,-0.13374778628349304,0.0,0.0,0.0,0.0,0.0,0.0,0.0,0.0,0.0,0.0,0.0,-0.3495986759662628,0.0,0.0,0.0,0.0,-0.9006578922271729,0.0,0.0,0.0,-0.6991973519325256,0.0,0.0,0.0,0.0
2020-11-18,0.0,0.0,0.0,0.0,0.0,0.0,0.0,0.0,0.0,0.0,0.0,0.0,0.0,0.0,0.0,0.0,0.0,0.0,0.0,0.0,0.0,0.0,0.0,0.0,0.0,0.0,0.0,0.0,0.0
2020-11-19,0.0,0.0,0.0,0.0,0.0,0.0,0.0,0.0,0.0,0.0,0.0,0.0,0.0,0.0,0.0,0.0,0.0,0.0,0.0,-0.9677118062973022,0.0,0.0,0.0,0.0,0.0,0.0,0.0,0.0,0.0
2020-11-20,0.0,0.0,0.0,0.0,0.0,0.0,0.0,0.0,0.0,0.0,0.0,0.0,0.0,0.0,0.0,0.0,0.0,0.0,-0.9683835506439209,0.0,0.0,0.0,0.0,0.0,0.0,0.0,0.0,0.0,0.0
2020-11-21,0.0,0.0,0.0,0.0,0.0,0.0,0.0,0.0,0.0,0.0,0.0,0.0,0.0,0.0,0.0,0.0,0.0,0.0,0.0,0.0,0.0,0.0,0.0,0.0,0.0,0.0,0.0,0.0,0.0
2020-11-22,0.0,0.0,0.0,0.0,0.0,0.0,0.0,0.0,0.0,0.0,0.0,0.0,0.0,0.0,0.0,0.0,0.0,0.0,0.0,0.0,0.0,0.0,0.0,0.0,0.0,0.0,0.0,0.0,0.0
2020-11-23,0.0,0.0,0.0,-0.28242743015289307,0.0,0.0,0.0,0.0,0.0,0.0,0.0,0.0,0.0,0.0,0.0,0.0,0.0,0.0,0.0,0.0,0.0,0.0,0.0,0.0,0.0,0.0,0.0,0.0,0.0
2020-11-24,0.0,0.0,0.0,0.0,0.0,0.0,0.0,0.0,0.0,0.0,0.0,0.0,0.0,0.0,0.0,0.0,0.0,0.0,0.0,0.0,0.0,0.0,0.0,0.0,0.0,0.0,0.0,0.0,0.0
2020-11-25,0.0,0.0,0.0,0.0,0.0,0.0,0.0,0.0,0.0,0.0,0.0,0.0,0.0,0.0,0.0,0.0,0.0,0.0,0.0,0.0,0.0,0.0,0.0,0.0,0.0,0.0,0.0,0.0,0.0
2020-11-26,0.0,0.0,0.0,0.0,0.0,0.0,0.0,0.0,0.0,0.0,0.0,0.0,0.0,0.0,0.0,0.0,0.0,0.0,0.0,0.0,0.0,0.0,0.0,0.0,0.0,0.0,0.0,0.0,0.0
2020-11-27,0.0,0.0,0.0,0.0,0.0,0.0,0.0,0.0,0.0,0.0,0.0,0.0,0.0,0.0,0.0,0.0,0.0,0.0,0.0,0.0,0.0,0.0,0.0,0.0,0.0,0.0,0.0,0.0,0.0
2020-11-28,0.0,0.0,0.0,0.0,0.0,0.0,0.0,0.0,0.0,0.0,0.0,0.0,0.0,0.0,0.0,0.0,0.0,0.0,0.0,0.0,0.0,0.0,0.0,0.0,0.0,-0.9244028329849243,0.0,0.0,0.0
2020-11-29,0.0,0.0,0.0,0.0,0.0,0.0,0.0,0.0,0.0,0.0,0.0,0.0,0.0,0.0,0.0,0.0,0.0,0.0,0.0,0.0,0.0,0.0,0.0,0.0,0.0,0.0,0.0,0.0,0.0
2020-11-30,0.0,0.0,0.0,0.0,0.0,0.0,0.0,0.4059211015701294,0.0,0.0,0.0,0.0,0.0,0.0,0.0,0.0,0.0,0.0,0.0,0.0,0.0,0.5568066835403442,0.0,0.0,0.0,0.0,0.0,0.0,-0.4503471851348877
2020-12-01,0.0,0.0,0.0,0.0,0.0,0.0,0.0,0.0,0.0,0.0,0.0,0.0,0.0,0.0,0.0,0.0,0.0,0.0,0.0,0.0,0.0,0.0,0.0,0.0,0.0,0.0,0.0,0.0,0.0
2020-12-02,0.0,0.0,0.0,0.0,0.0,0.0,0.0,0.0,0.0,0.0,0.0,0.0,0.0,0.0,0.0,0.0,0.0,0.0,0.0,0.0,0.0,0.0,-0.7281907200813293,0.0,0.0,0.0,0.0,0.0,0.0
2020-12-03,0.0,0.0,0.0,0.0,0.0,0.0,0.0,0.0,0.0,0.0,0.0,0.0,0.5587297677993774,0.0,0.28576093912124634,0.0,0.0,0.0,0.0,0.0,0.0,0.0,0.0,0.0,0.28576093912124634,0.0,0.0,0.0,0.0
2020-12-04,0.0,0.0,0.0,0.0,0.0,0.0,0.0,0.0,0.45936301350593567,0.0,0.0,0.0,0.0,0.0,0.0,0.0,0.0,0.0,0.0,0.0,0.0,0.0,0.0,0.0,0.0,0.0,0.0,0.0,0.0
2020-12-06,0.0,0.0,0.0,0.0,0.0,0.0,0.0,0.0,0.0,0.0,0.0,0.0,0.0,0.0,0.0,0.0,0.0,0.0,0.0,0.0,0.0,0.0,0.9408307671546936,0.0,0.0,0.0,0.0,0.0,0.0
2020-12-07,0.0,0.0,0.0,0.0,0.0,0.0,0.0,0.0,0.0,0.0,0.0,0.0,0.0,0.0,0.0,0.0,0.0,0.0,0.0,0.0,0.0,0.0,0.0,0.0,0.0,0.0,0.0,0.0,0.0
2020-12-08,0.0,0.0,0.0,0.0,0.0,0.0,0.6628154516220093,0.0,0.9171885251998901,0.0,0.0,0.0,0.0,0.0,0.0,0.0,0.0,0.0,0.0,0.0,0.0,0.0,0.0,0.0,0.0,0.0,0.0,0.0,0.0
2020-12-09,0.0,0.0,0.0,0.0,0.0,0.0,0.0,0.0,0.0,0.0,-0.42391790946324664,0.0,0.0,0.0,0.0,0.0,0.0,0.0,0.0,0.0,0.0,0.9424115419387817,0.0,0.0,0.0,0.0,0.0,0.0,0.0
2020-12-10,0.0,0.0,0.0,0.0,0.0,0.0,0.0,0.0,0.0,0.0,-0.6065059701601664,0.0,0.0,0.2694809138774872,0.0,-0.8813735246658325,0.0,0.0,0.0,0.0,0.0,0.0,0.0,0.0,0.0,0.0,0.0,0.0,0.0
2020-12-11,0.0,0.0,0.0,0.0,0.0,0.0,0.0,0.0,0.0,0.0,0.0,0.0,0.0,0.0,0.0,0.0,0.0,0.0,0.0,0.0,0.0,0.0,0.0,0.0,0.0,0.0,0.0,0.0,0.0
2020-12-12,0.0,0.0,0.0,0.0,0.0,0.0,0.0,0.0,0.0,0.0,0.0,0.0,0.0,0.0,0.0,0.0,0.0,0.0,0.0,0.0,0.0,0.0,0.0,0.0,0.0,0.0,0.0,0.0,0.0
2020-12-13,0.0,0.0,0.0,0.0,0.0,0.0,0.0,0.0,0.0,0.0,0.0,0.0,0.0,0.0,0.0,0.0,0.0,0.0,0.0,0.0,0.0,0.0,0.0,0.0,0.0,0.0,0.0,0.0,0.0
2020-12-14,0.0,0.0,0.0,0.0,0.0,0.0,0.0,0.0,0.0,0.0,0.0,0.0,0.0,0.0,0.0,0.0,0.0,0.0,0.0,0.0,0.0,0.0,0.0,0.0,0.0,0.0,0.0,0.0,0.0
2020-12-15,0.0,0.0,0.0,0.0,0.0,0.0,0.0,0.0,0.0,0.0,0.0,0.0,-0.8586309552192688,0.0,0.0,0.0,0.0,0.23726031184196472,-0.35347551107406616,0.0,0.0,0.0,0.0,0.0,0.0,0.0,0.0,0.0,0.0
2020-12-16,0.0,0.0,0.0,0.0,0.0,0.0,0.0,0.0,0.0,0.0,0.0,0.0,0.0,0.0,0.0,0.0,0.0,0.0,0.0,0.0,0.0,0.0,0.0,0.0,0.0,0.0,0.0,0.0,0.0
2020-12-17,0.0,0.0,0.0,0.0,0.0,0.0,0.0,0.0,0.0,0.0,0.0,0.0,0.0,0.0,0.0,0.0,0.0,0.0,0.0,0.0,0.0,0.0,0.0,0.0,0.0,0.0,0.0,0.0,0.0
2020-12-18,0.0,0.0,0.0,0.0,0.0,0.0,0.0,0.0,0.0,0.0,0.0,0.0,0.0,0.0,0.0,0.0,0.0,0.0,0.0,0.0,0.0,0.0,0.0,0.0,0.0,0.0,0.0,0.0,0.0
2020-12-20,0.0,0.0,0.0,0.0,0.0,0.0,0.0,0.524450421333313,0.0,0.0,0.0,0.0,0.0,0.0,0.0,0.0,0.0,0.0,0.0,0.0,0.0,0.0,0.0,0.0,0.0,0.0,0.0,0.0,0.0
2020-12-21,0.0,0.0,0.0,0.0,0.0,0.0,0.0,0.0,0.0,0.0,0.0,0.0,0.0,0.0,0.6112743616104126,-0.4787696897983551,0.0,0.0,0.0,0.0,0.0,0.0,0.0,0.0,0.0,0.0,0.0,0.0,0.0
2020-12-22,0.0,0.0,0.0,0.0,0.0,0.0,0.0,0.0,0.0,0.0,0.0,0.0,0.0,0.0,0.0,0.0,0.0,0.0,0.0,0.0,0.0,0.0,0.0,0.0,0.0,0.0,0.0,0.0,0.0
2020-12-23,0.0,0.0,0.0,0.0,0.0,0.0,0.0,0.0,0.0,0.0,0.0,0.0,0.0,0.0,0.0,0.0,0.0,0.0,0.0,0.0,0.0,0.0,0.0,0.0,0.0,0.0,0.0,0.0,0.0
2020-12-24,0.0,0.0,0.0,0.0,0.0,0.0,0.0,0.0,0.688571035861969,0.0,0.0,0.0,0.0,0.0,0.0,0.0,0.0,0.0,0.0,0.0,0.0,0.0,0.0,0.0,0.0,0.0,0.0,0.0,0.0
2020-12-25,0.0,0.0,0.0,0.0,0.0,0.0,0.0,0.0,0.0,0.0,-0.8621204495429993,0.0,0.0,0.0,0.0,0.0,0.0,0.0,0.0,0.0,0.0,0.0,0.0,0.0,0.0,0.0,0.0,0.0,0.0
2020-12-26,0.0,0.0,0.0,0.0,0.0,0.0,0.0,0.0,0.0,0.0,0.0,0.0,0.0,0.0,0.0,0.0,0.0,0.0,0.0,0.0,0.0,0.0,0.0,0.0,0.0,0.0,0.0,0.0,0.0
2020-12-27,0.0,0.0,0.0,0.0,0.0,0.0,-0.933477520942688,0.0,0.0,0.0,0.0,0.0,0.0,0.0,0.0,0.0,0.0,0.0,0.0,0.0,0.0,0.0,0.0,0.7529332041740417,0.0,0.0,0.0,0.0,0.0
2020-12-28,0.0,0.0,0.0,0.0,0.0,0.0,0.0,0.0,0.0,0.0,0.0,0.0,0.0,0.0,0.0,0.0,0.0,0.0,0.0,0.0,0.0,0.0,0.0,0.0,0.0,0.0,0.0,0.0,0.0
2020-12-29,0.8549540340900421,0.7788710594177246,0.0,0.0,0.0,0.0,0.0,0.0,0.0,0.0,-0.6018234491348267,0.0,0.0,0.0,0.0,0.0,0.0,0.0,0.0,0.0,0.0,0.0,0.0,0.0,0.0,0.0,0.0,0.0,-0.9657319784164429
2020-12-30,0.0,0.0,0.0,0.0,0.0,0.0,0.0,0.0,0.0,0.0,0.0,0.0,0.0,0.0,0.0,0.0,0.9399063587188721,0.0,0.0,0.0,0.0,0.0,0.0,0.0,0.0,0.0,0.0,0.0,0.0
2020-12-31,0.0,0.0,0.0,0.0,0.0,0.0,0.0,0.0,0.0,0.0,-0.47004562616348267,0.0,0.0,0.0,0.0,0.0,0.0,0.0,0.0,0.0,0.0,0.0,0.0,0.0,0.0,0.0,0.0,0.0,0.0
